articleId,articleName,quantitySold,grossSalesBeforeDiscount,grossDiscount,grossSales,netRevenueBeforeDiscount,netDiscount,netRevenue,vatAmount,dueAmount,unitPriceGross,vatRatePct
AR90004,"Leergut 0,25 EUR",920.0,230.0,0.0,230.0,193.01,0.0,193.01,36.99,230.0,0.25,19.2
AR90003,"Leergut 0,15 EUR",384.0,57.6,0.0,57.6,49.31,0.0,49.31,8.29,57.6,0.15,16.8
AR90013,"Red Bull 0,25",227.0,385.9,142.01,243.89,324.61,119.26,205.35,38.54,243.89,1.7,18.8
AR90002,"Leergut 0,08 EUR",207.0,16.56,0.0,16.56,14.05,0.0,14.05,2.51,16.56,0.08,17.9
AR90039,"Coca Cola Zero 0,4L Glas Mehrweg",168.0,252.0,0.0,252.0,211.68,0.0,211.68,40.32,252.0,1.5,19.0
AR90018,DPG Vitamin Well Reload,116.0,226.2,0.0,226.2,190.16,0.0,190.16,36.04,226.2,1.95,19.0
AR00395,Koro Protein Bar Schoko Brownie,108.0,270.0,0.0,270.0,252.5,0.0,252.5,17.5,270.0,2.5,6.9
AR00394,Koro Protein Bar Pistachio,106.0,307.4,0.0,307.4,287.24,0.0,287.24,20.16,307.4,2.9,7.0
AR00136,La Magnum Almond,92.0,248.4,0.0,248.4,231.97,0.0,231.97,16.43,248.4,2.7,7.1
AR90034,Welde Slow,88.0,149.6,0.0,149.6,125.76,0.0,125.76,23.84,149.6,1.7,19.0
AR90015,Red Bull Zero,88.0,149.6,40.35,109.25,125.84,33.94,91.9,17.35,109.25,1.7,18.9
AR00188,Laugenbrezel mit Butter,84.0,151.2,0.0,151.2,141.16,0.0,141.16,10.04,151.2,1.8,7.1
AR00080,Beef Jerky Original,81.0,202.5,33.0,169.5,189.54,30.88,158.66,10.84,169.5,2.5,6.8
AR90014,"Red Bull Sugar Free 0,25",78.0,132.6,23.2,109.4,111.54,19.5,92.04,17.36,109.4,1.7,18.9
AR90012,Red Bull Green Edition,78.0,132.6,36.4,96.2,111.54,30.67,80.87,15.33,96.2,1.7,19.0
AR00245,HOMEMADE Breakfastcup 285g,77.0,238.7,0.0,238.7,223.26,0.0,223.26,15.44,238.7,3.1,6.9
AR00010,Protein Bar Chocolate,76.0,76.0,0.0,76.0,70.83,0.0,70.83,5.17,76.0,1.0,7.3
AR00009,Protein Bar Caramell Toffee,73.0,73.0,0.0,73.0,68.08,0.0,68.08,4.92,73.0,1.0,7.2
AR90036,Welde Alkoholfrei,69.0,117.3,0.0,117.3,98.65,0.0,98.65,18.65,117.3,1.7,18.9
AR00241,HOMEMADE BUN HAM,68.0,170.0,0.0,170.0,159.05,0.0,159.05,10.95,170.0,2.5,6.9
AR90019,DPG Vitamin Well Hydrate,63.0,122.85,0.0,122.85,103.32,0.0,103.32,19.53,122.85,1.95,18.9
AR00289,Shot Himbeere Ingwer 60ml,62.0,136.4,0.0,136.4,114.64,0.0,114.64,21.76,136.4,2.2,19.0
AR00240,HOMEMADE BUN Cheese,62.0,117.8,0.0,117.8,110.36,0.0,110.36,7.44,117.8,1.9,6.7
AR00084,La Nogger Choc,54.0,108.0,0.0,108.0,100.98,0.0,100.98,7.02,108.0,2.0,7.0
AR00011,Protein Bar Vanilla Stracci,54.0,54.0,0.0,54.0,50.33,0.0,50.33,3.67,54.0,1.0,7.3
AR00244,HOMEMADE BUN Veggie Laugenecke Tom Moz,51.0,127.5,0.0,127.5,119.26,0.0,119.26,8.24,127.5,2.5,6.9
AR00243,HOMEMADE BUN VEGAN,49.0,122.5,0.0,122.5,114.6,0.0,114.6,7.9,122.5,2.5,6.9
AR00039,Airwaves Menth & Eucalypt,48.0,48.0,0.0,48.0,44.75,0.0,44.75,3.25,48.0,1.0,7.3
AR90009,"Powerade Mountain Blast 0,5l PEW",43.0,68.8,0.0,68.8,57.65,0.0,57.65,11.15,68.8,1.6,19.3
AR00001,Kinder Bueno 43g Ferrero,43.0,43.0,0.0,43.0,40.04,0.0,40.04,2.96,43.0,1.0,7.4
AR90011,Red Bull White Edition,41.0,69.7,20.56,49.14,58.63,17.33,41.3,7.84,49.14,1.7,19.0
AR00081,Beef Jerky Sweet & Hot,41.0,102.5,20.25,82.25,95.94,19.02,76.92,5.33,82.25,2.5,6.9
AR00138,La Cornetto Haselnuss,40.0,80.0,0.0,80.0,74.8,0.0,74.8,5.2,80.0,2.0,7.0
AR00137,La Magnum Classic,40.0,108.0,0.0,108.0,100.86,0.0,100.86,7.14,108.0,2.7,7.1
AR90055,Red Bull Summer Edition,39.0,66.3,18.41,47.89,55.77,15.49,40.28,7.61,47.89,1.7,18.9
AR00024,Snickers Ice Cream Eisrie,39.0,97.5,0.0,97.5,91.24,0.0,91.24,6.26,97.5,2.5,6.9
AR90037,"Mezzo Mix 0,4L Glas Mehrweg",37.0,55.5,0.0,55.5,46.62,0.0,46.62,8.88,55.5,1.5,19.0
AR00193,XL Laugenbrezel 130g FG,35.0,49.0,0.0,49.0,45.85,0.0,45.85,3.15,49.0,1.4,6.9
AR00065,BLACK FOREST ICE CREAM Schokolade 100ml,35.0,87.5,0.0,87.5,81.8,0.0,81.8,5.7,87.5,2.5,7.0
AR00031,Filly Nut Donut,35.0,52.5,0.0,52.5,49.02,0.0,49.02,3.48,52.5,1.5,7.1
AR90020,DPG Vitamin Well Prepare,33.0,64.35,0.0,64.35,54.12,0.0,54.12,10.23,64.35,1.95,18.9
AR00242,HOMEMADE BUN Salami,33.0,82.5,0.0,82.5,77.17,0.0,77.17,5.33,82.5,2.5,6.9
AR00210,Snickers Riegel  2 Pack,33.0,39.6,0.0,39.6,36.97,0.0,36.97,2.63,39.6,1.2,7.1
AR00276,Smothie Froosh Pineapple 250ml,32.0,76.8,0.0,76.8,64.61,0.0,64.61,12.19,76.8,2.4,18.9
AR00220,Haribo Goldbären 100g,32.0,32.0,0.0,32.0,29.8,0.0,29.8,2.2,32.0,1.0,7.4
AR00213,Twix Xtra 75g,32.0,38.4,0.0,38.4,35.87,0.0,35.87,2.53,38.4,1.2,7.1
AR90038,"Coca Cola 0,4L Glas Mehrweg",31.0,46.5,0.0,46.5,39.06,0.0,39.06,7.44,46.5,1.5,19.0
AR00209,Kinderriegel,31.0,15.5,0.0,15.5,14.54,0.0,14.54,0.96,15.5,0.5,6.6
AR00013,Berliner Brezel 70g FB,31.0,55.8,0.0,55.8,52.08,0.0,52.08,3.72,55.8,1.8,7.1
AR00005,Manner Neapolitaner Schnitten 75g,31.0,31.0,0.0,31.0,28.89,0.0,28.89,2.11,31.0,1.0,7.3
AR90054,Red Bull Sea Blue Edition,30.0,51.0,19.19,31.81,42.9,16.21,26.69,5.12,31.81,1.7,19.2
AR90027,Teinacher Mango Maracuja,30.0,48.0,0.0,48.0,40.27,0.0,40.27,7.73,48.0,1.6,19.2
AR00319,GIANT Flapjack Raspberry,30.0,36.0,0.0,36.0,33.61,0.0,33.61,2.39,36.0,1.2,7.1
AR00054,M&M Peanut,30.0,30.0,0.0,30.0,27.92,0.0,27.92,2.08,30.0,1.0,7.4
AR00294,Shot Ginger Apple 60ml,29.0,63.8,0.0,63.8,53.64,0.0,53.64,10.16,63.8,2.2,18.9
AR90031,Teinacher classic,28.0,33.6,0.0,33.6,28.28,0.0,28.28,5.32,33.6,1.2,18.8
AR00396,Koro Protein Bar Peanut Chocolate,28.0,61.6,0.0,61.6,57.67,0.0,57.67,3.93,61.6,2.2,6.8
AR00322,GIANT Yoghurt Flapjack Banana,27.0,32.4,0.0,32.4,30.24,0.0,30.24,2.16,32.4,1.2,7.1
AR00208,Kinder Country,27.0,13.5,0.0,13.5,12.65,0.0,12.65,0.85,13.5,0.5,6.7
AR00189,Gefüllter Triple Chocolate Muffin,27.0,59.4,0.0,59.4,55.6,0.0,55.6,3.8,59.4,2.2,6.8
AR00026,Chili & Lime Chili & Lima24 Beutel á 4,25.0,30.0,0.0,30.0,28.0,0.0,28.0,2.0,30.0,1.2,7.1
AR00190,Brown Donut,23.0,34.5,0.0,34.5,32.2,0.0,32.2,2.3,34.5,1.5,7.1
AR90033,Teinacher still 0.7,22.0,26.4,0.0,26.4,22.22,0.0,22.22,4.18,26.4,1.2,18.8
AR00402,Bio poppy & vanilla fairness 45g,22.0,26.4,0.0,26.4,24.65,0.0,24.65,1.75,26.4,1.2,7.1
AR00221,Haribo Color Rado 100g,22.0,22.0,0.0,22.0,20.52,0.0,20.52,1.48,22.0,1.0,7.2
AR00068,BF ICE CREAM Himbeere Fichte 100ml Bio V,22.0,55.0,0.0,55.0,51.42,0.0,51.42,3.58,55.0,2.5,7.0
AR90008,"Hochwald Eiskaffee 0,25l Dose",21.0,29.4,0.0,29.4,27.49,0.0,27.49,1.91,29.4,1.4,6.9
AR00194,Laugenbrezel mit Pfeffer,21.0,37.8,0.0,37.8,35.28,0.0,35.28,2.52,37.8,1.8,7.1
AR00187,Twix Ice Cream Eisriegel,21.0,52.5,0.0,52.5,49.12,0.0,49.12,3.38,52.5,2.5,6.9
AR00071,Oreo Classic,21.0,60.9,0.0,60.9,56.9,0.0,56.9,4.0,60.9,2.9,7.0
AR90040,FUZE T PFIRSICH,20.0,34.0,0.0,34.0,28.6,0.0,28.6,5.4,34.0,1.7,18.9
AR00321,GIANT Flapjack Pecanut,20.0,24.0,0.0,24.0,22.4,0.0,22.4,1.6,24.0,1.2,7.1
AR00160,GO FRESH Tuna Sandwich,20.0,76.0,0.0,76.0,70.99,0.0,70.99,5.01,76.0,3.8,7.1
AR00157,GO FRESH Wrap Chicken Chi,20.0,76.0,0.0,76.0,71.0,0.0,71.0,5.0,76.0,3.8,7.0
AR00003,KitKat,20.0,20.0,0.0,20.0,18.61,0.0,18.61,1.39,20.0,1.0,7.5
AR90042,Welde Weizen,19.0,36.1,0.0,36.1,30.32,0.0,30.32,5.78,36.1,1.9,19.1
AR90030,Teinacher Apfelschorle,19.0,30.4,0.0,30.4,25.49,0.0,25.49,4.91,30.4,1.6,19.3
AR00404,"Bio creamy cocos fairness 37,5g",19.0,22.8,0.0,22.8,21.29,0.0,21.29,1.51,22.8,1.2,7.1
AR00400,Bio cookies & choc fairness 45g,19.0,22.8,0.0,22.8,21.3,0.0,21.3,1.5,22.8,1.2,7.0
AR00286,"Yayla Ayran Tetra 0,25L",19.0,22.8,0.0,22.8,19.19,0.0,19.19,3.61,22.8,1.2,18.8
AR00004,Duplo,19.0,9.5,0.0,9.5,8.9,0.0,8.9,0.6,9.5,0.5,6.7
AR90010,"Monster Energy 0,5l",18.0,39.6,0.0,39.6,33.3,0.0,33.3,6.3,39.6,2.2,18.9
AR00320,GIANT Flapjack Hazelnut,18.0,21.6,0.0,21.6,20.16,0.0,20.16,1.44,21.6,1.2,7.1
AR90035,Welde Naturradler,17.0,28.9,0.0,28.9,24.3,0.0,24.3,4.6,28.9,1.7,18.9
AR90029,Teinacher Johannisbeer Holunder,17.0,27.2,0.0,27.2,22.79,0.0,22.79,4.41,27.2,1.6,19.4
AR90016,Red Bull Blue Edition,17.0,28.9,8.56,20.34,24.31,7.24,17.07,3.27,20.34,1.7,19.2
AR00454,Airwaves Menth & Eucalypt Box,17.0,49.3,0.0,49.3,46.06,0.0,46.06,3.24,49.3,2.9,7.0
AR00407,Soft Protein Riegel Salted Peanut Carame,17.0,54.4,0.0,54.4,50.84,0.0,50.84,3.56,54.4,3.2,7.0
AR00159,GO FRESH Sandw Pute Ei,17.0,64.6,0.0,64.6,60.37,0.0,60.37,4.23,64.6,3.8,7.0
AR00121,Cashews gerös,17.0,37.4,0.0,37.4,35.02,0.0,35.02,2.38,37.4,2.2,6.8
AR00064,BLACK FOREST ICE CREAM Vanille 100ml Bio,17.0,42.5,0.0,42.5,39.78,0.0,39.78,2.72,42.5,2.5,6.8
AR00060,Hofeis Knusperkeks 130ml,17.0,42.5,0.0,42.5,39.74,0.0,39.74,2.76,42.5,2.5,6.9
AR00058,Hofeis Mango 130ml,17.0,42.5,0.0,42.5,39.74,0.0,39.74,2.76,42.5,2.5,6.9
AR00057,HofEis Erdbeere Sorbet 130ml,17.0,42.5,0.0,42.5,39.72,0.0,39.72,2.78,42.5,2.5,7.0
AR00006,Griesson Schoko Mountain Cookies 125g,17.0,30.6,0.0,30.6,28.62,0.0,28.62,1.98,30.6,1.8,6.9
AR00285,Starbucks Cappuccino,16.0,47.2,0.0,47.2,44.12,0.0,44.12,3.08,47.2,2.95,7.0
AR00056,HofEis Joghurt Heidelbeere 130ml,16.0,40.0,0.0,40.0,37.4,0.0,37.4,2.6,40.0,2.5,7.0
AR00002,Knoppers,16.0,8.0,0.0,8.0,7.5,0.0,7.5,0.5,8.0,0.5,6.7
AR00333,BIO Hafer Drink Moccaccino 12 x 235ml Oa,15.0,33.75,0.0,33.75,28.35,0.0,28.35,5.4,33.75,2.25,19.0
AR00275,Smothie Froosh Mango 250ml,15.0,36.0,0.0,36.0,30.26,0.0,30.26,5.74,36.0,2.4,19.0
AR00158,GO FRESH Wrap Tomat Mozza,15.0,57.0,0.0,57.0,53.26,0.0,53.26,3.74,57.0,3.8,7.0
AR00094,Disposable cutlery set,15.0,4.5,0.0,4.5,3.75,0.0,3.75,0.75,4.5,0.3,20.0
AR00041,Barebells Soft Protein Coco Choco 55g,15.0,49.5,0.0,49.5,46.24,0.0,46.24,3.26,49.5,3.3,7.1
AR90053,"Moretti Beer 0,33L",14.0,28.0,0.0,28.0,23.52,0.0,23.52,4.48,28.0,2.0,19.0
AR00397,Koro Protein Bar Butter Cups,14.0,35.0,0.0,35.0,32.75,0.0,32.75,2.25,35.0,2.5,6.9
AR00203,Nussschnecke,14.0,35.0,0.0,35.0,32.74,0.0,32.74,2.26,35.0,2.5,6.9
AR00185,Bio H Milch 1l Nature,14.0,31.5,0.0,31.5,29.41,0.0,29.41,2.09,31.5,2.25,7.1
AR00163,GO FRESH Sandw Käse,14.0,53.2,0.0,53.2,49.72,0.0,49.72,3.48,53.2,3.8,7.0
AR00027,Black Truffle Trufa Negra 24 Beutel á,14.0,16.8,0.0,16.8,15.7,0.0,15.7,1.1,16.8,1.2,7.0
AR00025,Mars Ice Cream Eisriegel,14.0,35.0,0.0,35.0,32.72,0.0,32.72,2.28,35.0,2.5,7.0
AR90021,YFood Trink Vanilla,13.0,63.7,0.0,63.7,59.53,0.0,59.53,4.17,63.7,4.9,7.0
AR00283,Starbucks Caramel Macchiato,13.0,38.35,0.0,38.35,35.87,0.0,35.87,2.48,38.35,2.95,6.9
AR00207,Hanuta 2er 44g,13.0,13.0,0.0,13.0,12.1,0.0,12.1,0.9,13.0,1.0,7.4
AR00111,Paprika Chips,13.0,32.5,0.0,32.5,30.41,0.0,30.41,2.09,32.5,2.5,6.9
AR00292,Shot Beetroot 60ml,12.0,26.4,0.0,26.4,22.2,0.0,22.2,4.2,26.4,2.2,18.9
AR00222,Haribo Tropifrutti 100g. 30St.,12.0,12.0,0.0,12.0,11.18,0.0,11.18,0.82,12.0,1.0,7.3
AR00211,Mars Riegel Mars 2 Pack 70g,12.0,14.4,0.0,14.4,13.45,0.0,13.45,0.95,14.4,1.2,7.1
AR00166,GO FRESH Sandw SweetChili,12.0,45.6,0.0,45.6,42.61,0.0,42.61,2.99,45.6,3.8,7.0
AR00164,GO FRESH Wrap Linse Falaf,12.0,45.6,0.0,45.6,42.62,0.0,42.62,2.98,45.6,3.8,7.0
AR00154,Snickers Protein Riegel,12.0,38.4,0.0,38.4,35.89,0.0,35.89,2.51,38.4,3.2,7.0
AR00109,M Cooky Spritzgebäck,12.0,24.0,0.0,24.0,22.45,0.0,22.45,1.55,24.0,2.0,6.9
AR00095,Nissin Cup Noodles Chicke,12.0,31.2,0.0,31.2,29.17,0.0,29.17,2.03,31.2,2.6,7.0
AR00399,Gepa Schokolade Noir Edelbitter 100g,11.0,30.25,0.0,30.25,28.26,0.0,28.26,1.99,30.25,2.75,7.0
AR00332,BIO Hafer Drink Cappuccino Oatly,11.0,24.75,0.0,24.75,20.8,0.0,20.8,3.95,24.75,2.25,19.0
AR00293,Shot Cucumber Ginger 60ml,11.0,24.2,0.0,24.2,20.35,0.0,20.35,3.85,24.2,2.2,18.9
AR00161,GO FRESH Sanw Schink Goud,11.0,41.8,0.0,41.8,39.06,0.0,39.06,2.74,41.8,3.8,7.0
AR00448,Aramark Seasoning Mix,10.0,38.9,0.0,38.9,36.37,0.0,36.37,2.53,38.9,3.89,7.0
AR00282,Starbucks Caffé Latte,10.0,29.5,0.0,29.5,27.59,0.0,27.59,1.91,29.5,2.95,6.9
AR00204,Croissant Schnecke,10.0,18.0,0.0,18.0,16.81,0.0,16.81,1.19,18.0,1.8,7.1
AR00178,Pringles Original,10.0,14.0,0.0,14.0,13.1,0.0,13.1,0.9,14.0,1.4,6.9
AR00059,HofEis Omas Apfelkuchen 130ml,10.0,25.0,0.0,25.0,23.38,0.0,23.38,1.62,25.0,2.5,6.9
AR00055,HofEis Stracciatella 130ml,10.0,25.0,0.0,25.0,23.39,0.0,23.39,1.61,25.0,2.5,6.9
AR90041,FUZE T ZITRONE,9.0,15.3,0.0,15.3,12.87,0.0,12.87,2.43,15.3,1.7,18.9
AR00416,Coffee Cup Big1,9.0,18.0,0.0,18.0,15.13,0.0,15.13,2.87,18.0,2.0,19.0
AR00415,Coffee Cup Small,9.0,13.5,0.0,13.5,11.34,0.0,11.34,2.16,13.5,1.5,19.0
AR00405,"Bio hazel nougat fairness 37,5g",9.0,10.8,0.0,10.8,9.09,0.0,9.09,1.71,10.8,1.2,18.8
AR00403,"Bio double milk fairness 37,5g",9.0,10.8,0.0,10.8,9.09,0.0,9.09,1.71,10.8,1.2,18.8
AR00318,GIANT Flapjack Blueberry,9.0,10.8,0.0,10.8,10.09,0.0,10.09,0.71,10.8,1.2,7.0
AR00215,Red Band Briket Sup. Sauer 200St. Dose,9.0,62.1,0.0,62.1,58.05,0.0,58.05,4.05,62.1,6.9,7.0
AR00129,BiFi Roll,9.0,12.6,0.0,12.6,11.79,0.0,11.79,0.81,12.6,1.4,6.9
AR00122,Pistazien ger,9.0,22.5,0.0,22.5,21.05,0.0,21.05,1.45,22.5,2.5,6.9
AR00101,Brezeln,9.0,17.1,0.0,17.1,16.01,0.0,16.01,1.09,17.1,1.9,6.8
AR00040,Barebells Caramel Choco 55g,9.0,29.7,0.0,29.7,27.76,0.0,27.76,1.94,29.7,3.3,7.0
AR90006,Hochwald Eis Macchiato,8.0,11.2,0.0,11.2,10.48,0.0,10.48,0.72,11.2,1.4,6.9
AR00401,Bio honey almond fairness 45g,8.0,9.6,0.0,9.6,8.96,0.0,8.96,0.64,9.6,1.2,7.1
AR00387,Apfelchips,8.0,24.0,0.0,24.0,22.41,0.0,22.41,1.59,24.0,3.0,7.1
AR00367,"Snack Nüsse, geröstet & gesalzen",8.0,30.0,0.0,30.0,28.02,0.0,28.02,1.98,30.0,3.75,7.1
AR90023,Teinacher Heidelbeer Eistee,7.0,11.2,0.0,11.2,9.4,0.0,9.4,1.8,11.2,1.6,19.1
AR00288,Smothie Froosh  Strawberry 250ml,7.0,16.8,0.0,16.8,14.13,0.0,14.13,2.67,16.8,2.4,18.9
AR00223,Saltletts Sticks 75g,7.0,4.9,0.0,4.9,4.55,0.0,4.55,0.35,4.9,0.7,7.7
AR00219,Ritter Sport Edel Vollmilch 100g,7.0,13.3,0.0,13.3,12.46,0.0,12.46,0.84,13.3,1.9,6.7
AR00169,Fe Yogurette,7.0,17.5,0.0,17.5,16.37,0.0,16.37,1.13,17.5,2.5,6.9
AR00151,Rexona Deo Men Cobalt Dry,7.0,27.3,0.0,27.3,22.96,0.0,22.96,4.34,27.3,3.9,18.9
AR00145,OralB Classic Car 35 Mit,7.0,7.7,0.0,7.7,6.45,0.0,6.45,1.25,7.7,1.1,19.4
AR00120,Studentenfutt,7.0,14.0,0.0,14.0,13.09,0.0,13.09,0.91,14.0,2.0,7.0
AR00115,Mentos Gum Pure Frost,7.0,24.5,0.0,24.5,22.91,0.0,22.91,1.59,24.5,3.5,6.9
AR00114,Pringles Sweet Paprika,7.0,9.8,0.0,9.8,9.16,0.0,9.16,0.64,9.8,1.4,7.0
AR90051,Untou Bio Matcha Zitrone,6.0,9.6,0.0,9.6,8.04,0.0,8.04,1.56,9.6,1.6,19.4
AR90050,Untou Bio Matcha Lime,6.0,9.6,0.0,9.6,8.05,0.0,8.05,1.55,9.6,1.6,19.3
AR90025,Teinacher Mineralwasser Naturell 0.33,6.0,7.2,0.0,7.2,6.06,0.0,6.06,1.14,7.2,1.2,18.8
AR00441,HANDL Veggie Almjäger,6.0,16.74,0.0,16.74,15.66,0.0,15.66,1.08,16.74,2.79,6.9
AR00406,Riegel Vegan Peanut Caramel 55g Barebell,6.0,19.2,0.0,19.2,16.14,0.0,16.14,3.06,19.2,3.2,19.0
AR00398,Gepa Schokolade Vollmilch 100g Bio Voll,6.0,14.1,0.0,14.1,13.18,0.0,13.18,0.92,14.1,2.35,7.0
AR00386,"Mostbuben  Stille Apfelsaftschorle 0,5",6.0,12.0,0.0,12.0,10.09,0.0,10.09,1.91,12.0,2.0,18.9
AR00291,Shot Kurkuma Orange 60ml,6.0,13.2,0.0,13.2,11.09,0.0,11.09,2.11,13.2,2.2,19.0
AR00278,Gaudenz Cuvée Rot Weingut Knipser,6.0,71.4,0.0,71.4,60.0,0.0,60.0,11.4,71.4,11.9,19.0
AR00214,Kitkat Chunky 40g Nestlé,6.0,6.0,0.0,6.0,5.58,0.0,5.58,0.42,6.0,1.0,7.5
AR00165,GO FRESH Wrap Thunfisch,6.0,22.8,0.0,22.8,21.3,0.0,21.3,1.5,22.8,3.8,7.0
AR00144,Toothpaste Blenda Med,6.0,11.4,0.0,11.4,9.6,0.0,9.6,1.8,11.4,1.9,18.8
AR00096,Leibniz Schokokeks VM,6.0,23.7,0.0,23.7,22.15,0.0,22.15,1.55,23.7,3.95,7.0
AR00090,BiFi Carazza,6.0,7.8,0.0,7.8,7.27,0.0,7.27,0.53,7.8,1.3,7.3
AR00008,Schinken Käse Croissant Snack,6.0,10.8,0.0,10.8,10.08,0.0,10.08,0.72,10.8,1.8,7.1
AR00378,Mein Glück aus Mandeln,5.0,21.25,0.0,21.25,19.87,0.0,19.87,1.38,21.25,4.25,6.9
AR00366,"Snack Nüsse, BBQ",5.0,18.75,0.0,18.75,17.52,0.0,17.52,1.23,18.75,3.75,7.0
AR00274,Smothie Froosh Blueberry 250ml,5.0,12.0,0.0,12.0,10.09,0.0,10.09,1.91,12.0,2.4,18.9
AR00176,Pringles Hot & Spicy,5.0,7.0,0.0,7.0,6.55,0.0,6.55,0.45,7.0,1.4,6.9
AR00162,GO FRESH Sandw Salam Edam,5.0,19.0,0.0,19.0,17.75,0.0,17.75,1.25,19.0,3.8,7.0
AR00135,GO FRESH Pastasalad Chicken,5.0,17.5,0.0,17.5,16.34,0.0,16.34,1.16,17.5,3.5,7.1
AR00106,Rexona Deo Cotton Dry,5.0,19.5,0.0,19.5,16.4,0.0,16.4,3.1,19.5,3.9,18.9
AR00074,Mikrowe Pommes extra dünn,5.0,10.0,0.0,10.0,9.35,0.0,9.35,0.65,10.0,2.0,7.0
AR00022,Graci Müsli High Power,5.0,19.5,0.0,19.5,18.23,0.0,18.23,1.27,19.5,3.9,7.0
AR90007,"Hochwald Eisschoko 0,25l Dose",4.0,5.6,0.0,5.6,5.24,0.0,5.24,0.36,5.6,1.4,6.9
AR00434,Steiner´s High Protein Spätzle,4.0,15.56,0.0,15.56,14.54,0.0,14.54,1.02,15.56,3.89,7.0
AR00365,Snack Nüsse Honig & Salz,4.0,15.0,0.0,15.0,14.0,0.0,14.0,1.0,15.0,3.75,7.1
AR00364,Snack Nüsse Chilli,4.0,15.0,0.0,15.0,14.0,0.0,14.0,1.0,15.0,3.75,7.1
AR00327,Mahi Sauce Carolina Reaper & Pineapple,4.0,15.8,0.0,15.8,14.76,0.0,14.76,1.04,15.8,3.95,7.0
AR00281,Erbsenprotein Milchersatz Barista 1l Vly,4.0,13.0,0.0,13.0,10.92,0.0,10.92,2.08,13.0,3.25,19.0
AR00277,Mionetto Treviso Prosecco Frizzante,4.0,31.6,0.0,31.6,26.56,0.0,26.56,5.04,31.6,7.9,19.0
AR00212,Mars Protein 50g,4.0,12.8,0.0,12.8,11.96,0.0,11.96,0.84,12.8,3.2,7.0
AR00177,Pringles SourCream & Onion,4.0,5.6,0.0,5.6,5.24,0.0,5.24,0.36,5.6,1.4,6.9
AR00108,M Cooky Gloria Gebäckmisc,4.0,12.0,0.0,12.0,11.21,0.0,11.21,0.79,12.0,3.0,7.0
AR00107,Gilette Disposable razor,4.0,14.8,0.0,14.8,12.44,0.0,12.44,2.36,14.8,3.7,19.0
AR00087,Parking disc,4.0,6.0,0.0,6.0,5.04,0.0,5.04,0.96,6.0,1.5,19.0
AR00069,BF ICE CREAM Weiße Schokolade & Waldbeer,4.0,10.0,0.0,10.0,9.36,0.0,9.36,0.64,10.0,2.5,6.8
AR00066,BLACK FOREST ICE CREAM Schwarzw. Kirsch,4.0,10.0,0.0,10.0,9.35,0.0,9.35,0.65,10.0,2.5,7.0
AR00063,Tempo Klassik Taschentücher,4.0,12.8,0.0,12.8,10.75,0.0,10.75,2.05,12.8,3.2,19.1
AR00023,Currywurst Snack,4.0,7.2,0.0,7.2,6.72,0.0,6.72,0.48,7.2,1.8,7.1
AR00021,Graci Müsli light,4.0,15.6,0.0,15.6,14.56,0.0,14.56,1.04,15.6,3.9,7.1
AR00438,Takis Blue Heat,3.0,7.05,0.0,7.05,6.59,0.0,6.59,0.46,7.05,2.35,7.0
AR00433,Steiner´s High Protein Fussili,3.0,11.67,0.0,11.67,10.91,0.0,10.91,0.76,11.67,3.89,7.0
AR00417,LARQ TWIST BOTTLE  Obsidian Black 740ml,3.0,132.0,0.0,132.0,123.36,0.0,123.36,8.64,132.0,44.0,7.0
AR00383,Dr. Kargs Tomate Mozzarella  Knäcke,3.0,9.75,0.0,9.75,9.12,0.0,9.12,0.63,9.75,3.25,6.9
AR00381,La Monegaque Sardinen mit Zitrone,3.0,11.25,0.0,11.25,10.52,0.0,10.52,0.73,11.25,3.75,6.9
AR00312,Bellezini Focaccine Rosemary,3.0,7.5,0.0,7.5,7.02,0.0,7.02,0.48,7.5,2.5,6.8
AR00290,Carrot and sea buckthorn shot 60ml,3.0,6.6,0.0,6.6,5.54,0.0,5.54,1.06,6.6,2.2,19.1
AR00279,Bone dry Spätburgunder Rosé,3.0,35.7,0.0,35.7,29.99,0.0,29.99,5.71,35.7,11.9,19.0
AR00198,Tempo fresh to go Protect,3.0,6.0,0.0,6.0,5.04,0.0,5.04,0.96,6.0,2.0,19.0
AR00191,Mexicana Stange,3.0,5.4,0.0,5.4,5.04,0.0,5.04,0.36,5.4,1.8,7.1
AR00152,Leibniz Butterkeks,3.0,11.85,0.0,11.85,11.08,0.0,11.08,0.77,11.85,3.95,6.9
AR00146,Duschdas Shower For Men,3.0,11.85,0.0,11.85,9.96,0.0,9.96,1.89,11.85,3.95,19.0
AR00141,Barilla Fusilli,3.0,7.5,0.0,7.5,7.01,0.0,7.01,0.49,7.5,2.5,7.0
AR00134,GO FRESH Pastasalat Lyoner Erbse,3.0,10.5,0.0,10.5,9.81,0.0,9.81,0.69,10.5,3.5,7.0
AR00128,Always Ultra,3.0,12.0,0.0,12.0,11.22,0.0,11.22,0.78,12.0,4.0,7.0
AR00126,M Candy Schokoerdnüsse,3.0,5.7,0.0,5.7,5.34,0.0,5.34,0.36,5.7,1.9,6.7
AR00118,mB Eier frisch ML,3.0,8.85,0.0,8.85,8.27,0.0,8.27,0.58,8.85,2.95,7.0
AR00088,Wick Blau ohne Zucker,3.0,6.6,0.0,6.6,6.18,0.0,6.18,0.42,6.6,2.2,6.8
AR00082,Nivea Creme,3.0,8.7,0.0,8.7,7.32,0.0,7.32,1.38,8.7,2.9,18.9
AR00067,BF ICE CREAM Haselnuss 100ml Bio Vegan,3.0,7.5,0.0,7.5,7.01,0.0,7.01,0.49,7.5,2.5,7.0
AR00015,Markenbutter Alu,3.0,9.9,0.0,9.9,9.25,0.0,9.25,0.65,9.9,3.3,7.0
AR00456,Heitlinger Pinot Bois,2.0,23.0,0.0,23.0,19.33,0.0,19.33,3.67,23.0,11.5,19.0
AR00432,ichoc Choco Cookie,2.0,7.0,0.0,7.0,6.54,0.0,6.54,0.46,7.0,3.5,7.0
AR00426,Barilla Spaghetti,2.0,5.0,0.0,5.0,4.68,0.0,4.68,0.32,5.0,2.5,6.8
AR00420,Gewürzgurken Durach,2.0,5.2,0.0,5.2,4.86,0.0,4.86,0.34,5.2,2.6,7.0
AR00419,LARQ Twist Bottle Seaside Mint 740ml,2.0,88.0,0.0,88.0,82.24,0.0,82.24,5.76,88.0,44.0,7.0
AR00390,LARQ TWIST BOTTLE Granite White 740ml,2.0,88.0,0.0,88.0,82.25,0.0,82.25,5.75,88.0,44.0,7.0
AR00376,Mein Glück Milch Kakao,2.0,8.5,0.0,8.5,7.95,0.0,7.95,0.55,8.5,4.25,6.9
AR00375,Stick Lembke Tee Minze Lavendel & Verben,2.0,9.9,0.0,9.9,9.25,0.0,9.25,0.65,9.9,4.95,7.0
AR00341,Hausmacher Leberwurst 200g Dose,2.0,7.8,0.0,7.8,7.28,0.0,7.28,0.52,7.8,3.9,7.1
AR00331,The Yeah Blend Green Matcha Latte Powder,2.0,39.0,3.9,35.1,36.44,3.64,32.8,2.3,35.1,19.5,7.0
AR00325,Mahi Sauce Chipotle Smoked Jalapeno,2.0,7.9,0.0,7.9,7.39,0.0,7.39,0.51,7.9,3.95,6.9
AR00324,Mahi Marinade Peri Peri Mango & Lime,2.0,6.6,0.0,6.6,6.17,0.0,6.17,0.43,6.6,3.3,7.0
AR00317,Bellezini Bruschettine Tomato & Oregano,2.0,5.0,0.0,5.0,4.68,0.0,4.68,0.32,5.0,2.5,6.8
AR00314,Bellezini Focaccine Basil 12 x 150 g,2.0,5.0,0.0,5.0,4.68,0.0,4.68,0.32,5.0,2.5,6.8
AR00280,Grauburgunder | Weingut Oliver Zeter,2.0,23.8,0.0,23.8,20.0,0.0,20.0,3.8,23.8,11.9,19.0
AR00270,Household sponge Zellulose,2.0,5.0,0.0,5.0,4.21,0.0,4.21,0.79,5.0,2.5,18.8
AR00236,Lunchbox 800ml Edelstahl,2.0,32.0,0.0,32.0,26.9,0.0,26.9,5.1,32.0,16.0,19.0
AR00230,Thermobecher 480ml Bambus & Edelstahl,2.0,34.0,0.0,34.0,28.58,0.0,28.58,5.42,34.0,17.0,19.0
AR00218,Ritter Sport Nougat 100g,2.0,3.8,0.0,3.8,3.56,0.0,3.56,0.24,3.8,1.9,6.7
AR00171,Dr Oetker Ofenfrische Peperoni Salami,2.0,7.9,0.0,7.9,7.38,0.0,7.38,0.52,7.9,3.95,7.0
AR00153,Herta Finesse Schinken 100g,2.0,7.0,0.0,7.0,6.54,0.0,6.54,0.46,7.0,3.5,7.0
AR00147,Butcher Lasagne Yeah,2.0,9.8,0.0,9.8,9.16,0.0,9.16,0.64,9.8,4.9,7.0
AR00117,BiFi Veggie Roll XXL,2.0,4.2,0.0,4.2,3.92,0.0,3.92,0.28,4.2,2.1,7.1
AR00110,Hansaplast Sensitive,2.0,7.0,0.0,7.0,5.88,0.0,5.88,1.12,7.0,3.5,19.0
AR00104,Nissin Cup Veggie Miso,2.0,5.2,0.0,5.2,4.86,0.0,4.86,0.34,5.2,2.6,7.0
AR00089,Wick Zitrone ohne Zucker,2.0,4.4,0.0,4.4,4.12,0.0,4.12,0.28,4.4,2.2,6.8
AR00070,Milka Alpenmilch,2.0,4.6,0.0,4.6,4.3,0.0,4.3,0.3,4.6,2.3,7.0
AR00047,"Theo Birnen Balsamico Essig 0,5l",2.0,17.8,0.0,17.8,16.64,0.0,16.64,1.16,17.8,8.9,7.0
AR00034,ARAMARK Grobes Meersalz 90g Mühle,2.0,4.0,0.0,4.0,3.74,0.0,3.74,0.26,4.0,2.0,7.0
AR00033,Salami  Regio Di Parma 80gr,2.0,6.9,0.0,6.9,6.45,0.0,6.45,0.45,6.9,3.45,7.0
AR00020,Graci Müsli High Beautiful,2.0,7.8,0.0,7.8,7.29,0.0,7.29,0.51,7.8,3.9,7.0
AR00017,Wheat Germ & Tomato Cuori 250g,2.0,7.8,0.0,7.8,7.28,0.0,7.28,0.52,7.8,3.9,7.1
SM0017,Milk Chocolate Style Raisins,1.0,1.99,0.0,1.99,1.67,0.0,1.67,0.32,1.99,1.99,19.2
SM0014,Sunny Bites Banana Chips,1.0,0.99,0.0,0.99,0.83,0.0,0.83,0.16,0.99,0.99,19.3
IKA005,"LÅNGLUR - Fruit  smoothie, yellow/added",1.0,0.99,0.0,0.99,0.83,0.0,0.83,0.16,0.99,0.99,19.3
AR90028,Teinacher Rhabarber Mirabelle,1.0,1.6,0.0,1.6,1.34,0.0,1.34,0.26,1.6,1.6,19.4
AR00453,Bifi Roll XXL,1.0,2.1,0.0,2.1,1.96,0.0,1.96,0.14,2.1,2.1,7.1
AR00442,Lacroix Tomato Cream Soup,1.0,2.49,0.0,2.49,2.33,0.0,2.33,0.16,2.49,2.49,6.9
AR00436,Steiner´s Low Carb Pancakes,1.0,4.35,0.0,4.35,4.07,0.0,4.07,0.28,4.35,4.35,6.9
AR00393,Aufstrich Wie Leberwurst,1.0,2.75,0.0,2.75,2.57,0.0,2.57,0.18,2.75,2.75,7.0
AR00392,Proteinaufstrich Paprika Pfeffer,1.0,2.75,0.0,2.75,2.56,0.0,2.56,0.19,2.75,2.75,7.4
AR00389,Apfelsaft BIB 3l,1.0,5.5,0.0,5.5,5.14,0.0,5.14,0.36,5.5,5.5,7.0
AR00384,HANDL Almwurzerl,1.0,3.95,0.0,3.95,3.69,0.0,3.69,0.26,3.95,3.95,7.0
AR00382,Dr.  Kargs Protein Knäcke,1.0,3.25,0.0,3.25,3.03,0.0,3.03,0.22,3.25,3.25,7.3
AR00380,La Monegaque Sardinen mit Chili,1.0,3.75,0.0,3.75,3.5,0.0,3.5,0.25,3.75,3.75,7.1
AR00377,Mein Glück aus Haselnüssen,1.0,4.25,0.0,4.25,3.97,0.0,3.97,0.28,4.25,4.25,7.1
AR00373,Stick Lembke Tee Minze Limette Hibiskus,1.0,4.95,0.0,4.95,4.63,0.0,4.63,0.32,4.95,4.95,6.9
AR00371,Stick Lembke Tee Minze Ingwer orange,1.0,4.95,0.0,4.95,4.63,0.0,4.63,0.32,4.95,4.95,6.9
AR00360,Dosenturm Unsere Besten,1.0,14.9,0.0,14.9,13.93,0.0,13.93,0.97,14.9,14.9,7.0
AR00359,Geschnetzeltes vom D. Angus Rind im Glas,1.0,7.9,0.0,7.9,7.38,0.0,7.38,0.52,7.9,7.9,7.0
AR00356,Wiener im Glas 390g,1.0,5.5,0.0,5.5,5.14,0.0,5.14,0.36,5.5,5.5,7.0
AR00349,Currywurst im Glas 390g,1.0,6.6,0.0,6.6,6.17,0.0,6.17,0.43,6.6,6.6,7.0
AR00346,Rindslyoner 200g Dose,1.0,3.9,0.0,3.9,3.64,0.0,3.64,0.26,3.9,3.9,7.1
AR00345,Jagdwurst 200g Dose,1.0,3.9,0.0,3.9,3.64,0.0,3.64,0.26,3.9,3.9,7.1
AR00344,Schinkenwurst 200g Dose,1.0,3.9,0.0,3.9,3.64,0.0,3.64,0.26,3.9,3.9,7.1
AR00330,The Yeah Blend Pistatcha Latte Powder,1.0,19.5,0.0,19.5,18.22,0.0,18.22,1.28,19.5,19.5,7.0
AR00323,Mahi Marinade Peri Peri Hot,1.0,3.3,0.0,3.3,3.08,0.0,3.08,0.22,3.3,3.3,7.1
AR00306,Graci Lab. Functional Muesli 50 Gluten,1.0,4.7,0.0,4.7,4.39,0.0,4.39,0.31,4.7,4.7,7.1
AR00304,Graci Laboratories Muesli Fruits Big Tu,1.0,5.65,0.0,5.65,5.28,0.0,5.28,0.37,5.65,5.65,7.0
AR00303,Graci Laboratories Muesli NutsBig Tube,1.0,5.65,0.0,5.65,5.28,0.0,5.28,0.37,5.65,5.65,7.0
AR00302,HIP Oat Milk Chocolate Cookies,1.0,3.95,0.0,3.95,3.69,0.0,3.69,0.26,3.95,3.95,7.0
AR00301,HIP Oat Milk Chocolate Salty Pretzels,1.0,3.95,0.0,3.95,3.69,0.0,3.69,0.26,3.95,3.95,7.0
AR00284,Alpro Haferdrink Barista Glutenfrei,1.0,2.35,0.0,2.35,1.97,0.0,1.97,0.38,2.35,2.35,19.3
AR00271,Kaffee SAP Kaffee 1000gr.,1.0,27.0,0.0,27.0,25.24,0.0,25.24,1.76,27.0,27.0,7.0
AR00231,Deostick Sweet Summer,1.0,3.95,0.0,3.95,3.32,0.0,3.32,0.63,3.95,3.95,19.0
AR00229,Thermobecher 360ml Bambus & Edelstahl,1.0,15.0,0.0,15.0,12.61,0.0,12.61,2.39,15.0,15.0,19.0
AR00228,Zahnbürste Bambus,1.0,6.9,0.0,6.9,5.8,0.0,5.8,1.1,6.9,6.9,19.0
AR00227,Haarbürste Bambus,1.0,11.9,0.0,11.9,10.0,0.0,10.0,1.9,11.9,11.9,19.0
AR00216,Red Band Schnuller Cola 100St. Dose,1.0,6.9,0.0,6.9,6.45,0.0,6.45,0.45,6.9,6.9,7.0
AR00201,Aramark Espresso Firenze 1kg,1.0,27.0,0.0,27.0,25.24,0.0,25.24,1.76,27.0,27.0,7.0
AR00197,Knäckebrot Urtyp 250g Burger,1.0,1.8,0.0,1.8,1.68,0.0,1.68,0.12,1.8,1.8,7.1
AR00196,Weizenmehl Typ 405 1kg,1.0,1.6,0.0,1.6,1.5,0.0,1.5,0.1,1.6,1.6,6.7
AR00186,Gouda i. Scheiben frisch 100gr,1.0,2.5,0.0,2.5,2.34,0.0,2.34,0.16,2.5,2.5,6.8
AR00175,Icefrocks Premium Eiswürf,1.0,2.5,0.0,2.5,2.34,0.0,2.34,0.16,2.5,2.5,6.8
AR00172,Dr. Oetker Ofenfrische 4 Käse,1.0,3.95,0.0,3.95,3.7,0.0,3.7,0.25,3.95,3.95,6.8
AR00156,Duschdas Dusche Sport 225ml Flasche Alte,1.0,3.95,0.0,3.95,3.32,0.0,3.32,0.63,3.95,3.95,19.0
AR00149,Butcher Chick Curry Ki 400g,1.0,5.6,0.0,5.6,5.24,0.0,5.24,0.36,5.6,5.6,6.9
AR00143,Fairy Original Spülmittel,1.0,2.95,0.0,2.95,2.76,0.0,2.76,0.19,2.95,2.95,6.9
AR00142,Wies Gefl Mortadella     100g,1.0,1.8,0.0,1.8,1.68,0.0,1.68,0.12,1.8,1.8,7.1
AR00140,Bautz ner Senf mittelsch,1.0,2.9,0.0,2.9,2.71,0.0,2.71,0.19,2.9,2.9,7.0
AR00133,Zewa UltraSoft Toilettenp,1.0,3.5,0.0,3.5,2.94,0.0,2.94,0.56,3.5,3.5,19.0
AR00132,GO FRESH Salatmix Italia,1.0,6.9,0.0,6.9,6.45,0.0,6.45,0.45,6.9,6.9,7.0
AR00131,GO FRESH Saladbowl Caesar,1.0,6.9,0.0,6.9,6.45,0.0,6.45,0.45,6.9,6.9,7.0
AR00119,Oet Baguette Salami,1.0,3.5,0.0,3.5,3.27,0.0,3.27,0.23,3.5,3.5,7.0
AR00113,Erdnussflips,1.0,1.9,0.0,1.9,1.78,0.0,1.78,0.12,1.9,1.9,6.7
AR00105,Anzündwolle,1.0,3.95,0.0,3.95,3.31,0.0,3.31,0.64,3.95,3.95,19.3
AR00098,Kölln Hafer Porridge Frucht 375g,1.0,5.75,0.0,5.75,5.38,0.0,5.38,0.37,5.75,5.75,6.9
AR00097,Erbsen Möhren Dose Glas,1.0,4.3,0.0,4.3,4.02,0.0,4.02,0.28,4.3,4.3,7.0
AR00086,Disposable barbecue,1.0,4.95,2.48,2.47,4.16,2.08,2.08,0.39,2.47,4.95,18.8
AR00076,Grill Kohle,1.0,5.5,1.65,3.85,4.62,1.38,3.24,0.61,3.85,5.5,18.8
AR00062,Flash barbecue lighter,1.0,1.9,0.57,1.33,1.6,0.48,1.12,0.21,1.33,1.9,18.7
AR00061,Mais Dose Glas,1.0,2.5,0.0,2.5,2.34,0.0,2.34,0.16,2.5,2.5,6.8
AR00053,Tomatenmark 200g Tube,1.0,3.4,0.0,3.4,3.18,0.0,3.18,0.22,3.4,3.4,6.9
AR00050,"Theo Weisskirsch Balsamico 0,5l",1.0,12.9,0.0,12.9,12.07,0.0,12.07,0.83,12.9,12.9,6.9
AR00049,"Theo Pflaumen Balsamico 0,5l",1.0,8.9,0.0,8.9,8.32,0.0,8.32,0.58,8.9,8.9,7.0
AR00043,BIO Olivenöl nativ extra 500ml,1.0,8.9,0.0,8.9,8.31,0.0,8.31,0.59,8.9,8.9,7.1
AR00038,Nutella Glas 450g Glas,1.0,4.95,0.0,4.95,4.63,0.0,4.63,0.32,4.95,4.95,6.9
AR00035,ARAMARK BIO Pfeffer schwarz 40g Mühle,1.0,2.5,0.0,2.5,2.34,0.0,2.34,0.16,2.5,2.5,6.8
AR00030,ichoc Jackfruit Coconut vegan 80g,1.0,3.5,0.0,3.5,3.27,0.0,3.27,0.23,3.5,3.5,7.0
AR00029,ichoc Salty Pretzel vegan 80g,1.0,3.5,0.0,3.5,3.27,0.0,3.27,0.23,3.5,3.5,7.0
AR00019,Graci Laboratories Funtional Meal Cousco,1.0,1.8,0.0,1.8,1.68,0.0,1.68,0.12,1.8,1.8,7.1
AR00018,Graci Laboratories Functional Meal Buckw,1.0,1.8,0.0,1.8,1.68,0.0,1.68,0.12,1.8,1.8,7.1
SM0018,TOPVALU Joynuts Caramel Coffee,0.0,0.0,0.0,0.0,0.0,0.0,0.0,0.0,0.0,,
SM0016,Natural Happiness Nut & Fruit Mix,0.0,0.0,0.0,0.0,0.0,0.0,0.0,0.0,0.0,,
SM0015,Becky's DUO Cakes,0.0,0.0,0.0,0.0,0.0,0.0,0.0,0.0,0.0,,
IKA018,FAZER - Milk chocolate tablet,0.0,0.0,0.0,0.0,0.0,0.0,0.0,0.0,0.0,,
IKA011,KAFFEREP - Oat biscuits,0.0,0.0,0.0,0.0,0.0,0.0,0.0,0.0,0.0,,
IKA003,DRYCK BLÅBÄR - Blueberry syrup,0.0,0.0,0.0,0.0,0.0,0.0,0.0,0.0,0.0,,
