articleId,posGroupCashier,articleName,cancellationCount,cancelledQuantity,cancelledAmount,cashier
SM0014,SmartStoreWalldorf SmartStoreWalldorf / payfree,Sunny Bites Banana Chips,7.0,20.0,635.94,payfree
AR90018,SmartStoreWalldorf SmartStoreWalldorf / payfree,DPG Vitamin Well Reload,95.0,95.0,185.25,payfree
AR90013,SmartStoreWalldorf SmartStoreWalldorf / payfree,"Red Bull 0,25",135.0,135.0,142.58,payfree
AR00419,SmartStoreWalldorf SmartStoreWalldorf / payfree,LARQ Twist Bottle Seaside Mint 740ml,3.0,3.0,132.0,payfree
AR90004,SmartStoreWalldorf SmartStoreWalldorf / payfree,"Leergut 0,25 EUR",508.0,508.0,127.0,payfree
AR00094,SmartStoreWalldorf SmartStoreWalldorf / payfree,Disposable cutlery set,124.0,357.0,107.1,payfree
AR00241,SmartStoreWalldorf SmartStoreWalldorf / payfree,HOMEMADE BUN HAM,28.0,29.0,72.5,payfree
AR90019,SmartStoreWalldorf SmartStoreWalldorf / payfree,DPG Vitamin Well Hydrate,35.0,35.0,68.25,payfree
AR90034,SmartStoreWalldorf SmartStoreWalldorf / payfree,Welde Slow,40.0,40.0,68.0,payfree
AR00088,SmartStoreWalldorf SmartStoreWalldorf / payfree,Wick Blau ohne Zucker,20.0,29.0,63.8,payfree
SM0017,SmartStoreWalldorf SmartStoreWalldorf / payfree,TOPVALU Joynuts Strawberry Mix,1.0,2.0,59.98,payfree
AR00080,SmartStoreWalldorf SmartStoreWalldorf / payfree,Beef Jerky Original,19.0,34.0,59.5,payfree
AR00081,SmartStoreWalldorf SmartStoreWalldorf / payfree,Beef Jerky Sweet & Hot,19.0,28.0,53.5,payfree
AR00240,SmartStoreWalldorf SmartStoreWalldorf / payfree,HOMEMADE BUN Cheese,26.0,28.0,53.2,payfree
AR00230,SmartStoreWalldorf SmartStoreWalldorf / payfree,Thermobecher 480ml Bambus & Edelstahl,3.0,3.0,51.0,payfree
AR90020,SmartStoreWalldorf SmartStoreWalldorf / payfree,DPG Vitamin Well Prepare,26.0,26.0,50.7,payfree
AR00039,SmartStoreWalldorf SmartStoreWalldorf / payfree,Airwaves Menth & Eucalypt,14.0,48.0,48.0,payfree
AR00278,SmartStoreWalldorf SmartStoreWalldorf / payfree,Gaudenz Cuvée Rot Weingut Knipser,2.0,4.0,47.6,payfree
AR00333,SmartStoreWalldorf SmartStoreWalldorf / payfree,BIO Hafer Drink Moccaccino 12 x 235ml Oa,7.0,19.0,42.75,payfree
AR00395,SmartStoreWalldorf SmartStoreWalldorf / payfree,Koro Protein Bar Schoko Brownie,17.0,17.0,42.5,payfree
AR90012,SmartStoreWalldorf SmartStoreWalldorf / payfree,Red Bull Green Edition,35.0,35.0,42.37,payfree
AR00243,SmartStoreWalldorf SmartStoreWalldorf / payfree,HOMEMADE BUN VEGAN,16.0,16.0,40.0,payfree
AR90014,SmartStoreWalldorf SmartStoreWalldorf / payfree,"Red Bull Sugar Free 0,25",30.0,30.0,38.57,payfree
AR90015,SmartStoreWalldorf SmartStoreWalldorf / payfree,Red Bull Zero,32.0,32.0,38.12,payfree
AR00220,SmartStoreWalldorf SmartStoreWalldorf / payfree,Haribo Goldbären 100g,11.0,38.0,38.0,payfree
AR00136,SmartStoreWalldorf SmartStoreWalldorf / payfree,La Magnum Almond,14.0,14.0,37.8,payfree
AR00008,SmartStoreWalldorf SmartStoreWalldorf / payfree,Schinken Käse Croissant Snack,21.0,21.0,37.8,payfree
AR90054,SmartStoreWalldorf SmartStoreWalldorf / payfree,Red Bull Sea Blue Edition,38.0,38.0,36.51,payfree
AR00157,SmartStoreWalldorf SmartStoreWalldorf / payfree,GO FRESH Wrap Chicken Chi,9.0,9.0,34.2,payfree
SM0017,SmartStoreWalldorf SmartStoreWalldorf / payfree,Milk Chocolate Style Raisins,4.0,17.0,33.83,payfree
AR90055,SmartStoreWalldorf SmartStoreWalldorf / payfree,Red Bull Summer Edition,29.0,29.0,33.07,payfree
AR00289,SmartStoreWalldorf SmartStoreWalldorf / payfree,Shot Himbeere Ingwer 60ml,12.0,15.0,33.0,payfree
AR00454,SmartStoreWalldorf SmartStoreWalldorf / payfree,Airwaves Menth & Eucalypt Box,10.0,11.0,31.9,payfree
AR00294,SmartStoreWalldorf SmartStoreWalldorf / payfree,Shot Ginger Apple 60ml,13.0,14.0,30.8,payfree
AR00438,SmartStoreWalldorf SmartStoreWalldorf / payfree,Takis Blue Heat,7.0,13.0,30.55,payfree
AR00159,SmartStoreWalldorf SmartStoreWalldorf / payfree,GO FRESH Sandw Pute Ei,8.0,8.0,30.4,payfree
AR00137,SmartStoreWalldorf SmartStoreWalldorf / payfree,La Magnum Classic,7.0,11.0,29.7,payfree
AR90041,SmartStoreWalldorf SmartStoreWalldorf / payfree,FUZE T ZITRONE,17.0,17.0,28.9,payfree
AR00115,SmartStoreWalldorf SmartStoreWalldorf / payfree,Mentos Gum Pure Frost,8.0,8.0,28.0,payfree
AR00029,SmartStoreWalldorf SmartStoreWalldorf / payfree,ichoc Salty Pretzel vegan 80g,8.0,8.0,28.0,payfree
AR00201,SmartStoreWalldorf SmartStoreWalldorf / payfree,Aramark Espresso Firenze 1kg,1.0,1.0,27.0,payfree
AR00160,SmartStoreWalldorf SmartStoreWalldorf / payfree,GO FRESH Tuna Sandwich,7.0,7.0,26.6,payfree
AR90008,SmartStoreWalldorf SmartStoreWalldorf / payfree,"Hochwald Eiskaffee 0,25l Dose",18.0,18.0,25.2,payfree
AR00242,SmartStoreWalldorf SmartStoreWalldorf / payfree,HOMEMADE BUN Salami,10.0,10.0,25.0,payfree
AR00058,SmartStoreWalldorf SmartStoreWalldorf / payfree,Hofeis Mango 130ml,10.0,10.0,25.0,payfree
AR90039,SmartStoreWalldorf SmartStoreWalldorf / payfree,"Coca Cola Zero 0,4L Glas Mehrweg",16.0,16.0,24.0,payfree
AR00276,SmartStoreWalldorf SmartStoreWalldorf / payfree,Smothie Froosh Pineapple 250ml,9.0,10.0,24.0,payfree
AR00275,SmartStoreWalldorf SmartStoreWalldorf / payfree,Smothie Froosh Mango 250ml,10.0,10.0,24.0,payfree
AR00210,SmartStoreWalldorf SmartStoreWalldorf / payfree,Snickers Riegel  2 Pack,15.0,19.0,22.8,payfree
AR00065,SmartStoreWalldorf SmartStoreWalldorf / payfree,BLACK FOREST ICE CREAM Schokolade 100ml,9.0,9.0,22.5,payfree
AR00233,SmartStoreWalldorf SmartStoreWalldorf / payfree,Strohhalme Einweg Bambus,2.0,2.0,21.8,payfree
AR00209,SmartStoreWalldorf SmartStoreWalldorf / payfree,Kinderriegel,20.0,43.0,21.5,payfree
AR00030,SmartStoreWalldorf SmartStoreWalldorf / payfree,ichoc Jackfruit Coconut vegan 80g,6.0,6.0,21.0,payfree
AR00215,SmartStoreWalldorf SmartStoreWalldorf / payfree,Red Band Briket Sup. Sauer 200St. Dose,3.0,3.0,20.7,payfree
AR00244,SmartStoreWalldorf SmartStoreWalldorf / payfree,HOMEMADE BUN Veggie Laugenecke Tom Moz,8.0,8.0,20.0,payfree
AR00187,SmartStoreWalldorf SmartStoreWalldorf / payfree,Twix Ice Cream Eisriegel,6.0,8.0,20.0,payfree
AR00084,SmartStoreWalldorf SmartStoreWalldorf / payfree,La Nogger Choc,7.0,10.0,20.0,payfree
AR00188,SmartStoreWalldorf SmartStoreWalldorf / payfree,Laugenbrezel mit Butter,11.0,11.0,19.8,payfree
AR00013,SmartStoreWalldorf SmartStoreWalldorf / payfree,Berliner Brezel 70g FB,11.0,11.0,19.8,payfree
AR90027,SmartStoreWalldorf SmartStoreWalldorf / payfree,Teinacher Mango Maracuja,12.0,12.0,19.2,payfree
AR00154,SmartStoreWalldorf SmartStoreWalldorf / payfree,Snickers Protein Riegel,6.0,6.0,19.2,payfree
AR90036,SmartStoreWalldorf SmartStoreWalldorf / payfree,Welde Alkoholfrei,11.0,11.0,18.7,payfree
AR00245,SmartStoreWalldorf SmartStoreWalldorf / payfree,HOMEMADE Breakfastcup 285g,6.0,6.0,18.6,payfree
AR00185,SmartStoreWalldorf SmartStoreWalldorf / payfree,Bio H Milch 1l Nature,8.0,8.0,18.0,payfree
AR00006,SmartStoreWalldorf SmartStoreWalldorf / payfree,Griesson Schoko Mountain Cookies 125g,10.0,10.0,18.0,payfree
AR00394,SmartStoreWalldorf SmartStoreWalldorf / payfree,Koro Protein Bar Pistachio,6.0,6.0,17.4,payfree
AR00378,SmartStoreWalldorf SmartStoreWalldorf / payfree,Mein Glück aus Mandeln,2.0,4.0,17.0,payfree
AR00010,SmartStoreWalldorf SmartStoreWalldorf / payfree,Protein Bar Chocolate,15.0,17.0,17.0,payfree
AR00331,SmartStoreWalldorf SmartStoreWalldorf / payfree,The Yeah Blend Green Matcha Latte Powder,1.0,1.0,16.57,payfree
AR00041,SmartStoreWalldorf SmartStoreWalldorf / payfree,Barebells Soft Protein Coco Choco 55g,5.0,5.0,16.5,payfree
AR00040,SmartStoreWalldorf SmartStoreWalldorf / payfree,Barebells Caramel Choco 55g,5.0,5.0,16.5,payfree
AR90053,SmartStoreWalldorf SmartStoreWalldorf / payfree,"Moretti Beer 0,33L",8.0,8.0,16.0,payfree
AR00236,SmartStoreWalldorf SmartStoreWalldorf / payfree,Lunchbox 800ml Edelstahl,1.0,1.0,16.0,payfree
AR00009,SmartStoreWalldorf SmartStoreWalldorf / payfree,Protein Bar Caramell Toffee,10.0,16.0,16.0,payfree
AR00152,SmartStoreWalldorf SmartStoreWalldorf / payfree,Leibniz Butterkeks,4.0,4.0,15.8,payfree
AR00151,SmartStoreWalldorf SmartStoreWalldorf / payfree,Rexona Deo Men Cobalt Dry,4.0,4.0,15.6,payfree
AR00448,SmartStoreWalldorf SmartStoreWalldorf / payfree,Aramark Seasoning Mix,4.0,4.0,15.56,payfree
AR00054,SmartStoreWalldorf SmartStoreWalldorf / payfree,M&M Peanut,11.0,15.0,15.0,payfree
AR00117,SmartStoreWalldorf SmartStoreWalldorf / payfree,BiFi Veggie Roll XXL,5.0,7.0,14.7,payfree
AR00274,SmartStoreWalldorf SmartStoreWalldorf / payfree,Smothie Froosh Blueberry 250ml,6.0,6.0,14.4,payfree
AR00129,SmartStoreWalldorf SmartStoreWalldorf / payfree,BiFi Roll,8.0,10.0,14.0,payfree
AR00002,SmartStoreWalldorf SmartStoreWalldorf / payfree,Knoppers,10.0,27.0,13.5,payfree
AR00407,SmartStoreWalldorf SmartStoreWalldorf / payfree,Soft Protein Riegel Salted Peanut Carame,4.0,4.0,12.8,payfree
AR00056,SmartStoreWalldorf SmartStoreWalldorf / payfree,HofEis Joghurt Heidelbeere 130ml,4.0,5.0,12.5,payfree
AR00416,SmartStoreWalldorf SmartStoreWalldorf / payfree,Coffee Cup Big1,4.0,6.0,12.0,payfree
AR90040,SmartStoreWalldorf SmartStoreWalldorf / payfree,FUZE T PFIRSICH,7.0,7.0,11.9,payfree
AR00280,SmartStoreWalldorf SmartStoreWalldorf / payfree,Grauburgunder | Weingut Oliver Zeter,1.0,1.0,11.9,payfree
AR90003,SmartStoreWalldorf SmartStoreWalldorf / payfree,"Leergut 0,15 EUR",79.0,79.0,11.85,payfree
AR00283,SmartStoreWalldorf SmartStoreWalldorf / payfree,Starbucks Caramel Macchiato,4.0,4.0,11.8,payfree
SM0016,SmartStoreWalldorf SmartStoreWalldorf / payfree,Natural Happiness Nut & Fruit Mix,4.0,7.0,11.67,payfree
AR00071,SmartStoreWalldorf SmartStoreWalldorf / payfree,Oreo Classic,4.0,4.0,11.6,payfree
AR00158,SmartStoreWalldorf SmartStoreWalldorf / payfree,GO FRESH Wrap Tomat Mozza,3.0,3.0,11.4,payfree
AR00332,SmartStoreWalldorf SmartStoreWalldorf / payfree,BIO Hafer Drink Cappuccino Oatly,5.0,5.0,11.25,payfree
AR90009,SmartStoreWalldorf SmartStoreWalldorf / payfree,"Powerade Mountain Blast 0,5l PEW",7.0,7.0,11.2,payfree
AR00290,SmartStoreWalldorf SmartStoreWalldorf / payfree,Carrot and sea buckthorn shot 60ml,5.0,5.0,11.0,payfree
AR00432,SmartStoreWalldorf SmartStoreWalldorf / payfree,ichoc Choco Cookie,3.0,3.0,10.5,payfree
AR00031,SmartStoreWalldorf SmartStoreWalldorf / payfree,Filly Nut Donut,7.0,7.0,10.5,payfree
AR00397,SmartStoreWalldorf SmartStoreWalldorf / payfree,Koro Protein Bar Butter Cups,4.0,4.0,10.0,payfree
AR00138,SmartStoreWalldorf SmartStoreWalldorf / payfree,La Cornetto Haselnuss,4.0,5.0,10.0,payfree
AR00109,SmartStoreWalldorf SmartStoreWalldorf / payfree,M Cooky Spritzgebäck,5.0,5.0,10.0,payfree
AR90016,SmartStoreWalldorf SmartStoreWalldorf / payfree,Red Bull Blue Edition,9.0,9.0,9.75,payfree
AR90011,SmartStoreWalldorf SmartStoreWalldorf / payfree,Red Bull White Edition,9.0,9.0,9.74,payfree
AR00027,SmartStoreWalldorf SmartStoreWalldorf / payfree,Black Truffle Trufa Negra 24 Beutel á,6.0,8.0,9.6,payfree
AR00026,SmartStoreWalldorf SmartStoreWalldorf / payfree,Chili & Lime Chili & Lima24 Beutel á 4,6.0,8.0,9.6,payfree
SM0016,SmartStoreWalldorf SmartStoreWalldorf / payfree,TOPVALU Chocoka Plain,4.0,6.0,9.56,payfree
AR90037,SmartStoreWalldorf SmartStoreWalldorf / payfree,"Mezzo Mix 0,4L Glas Mehrweg",6.0,6.0,9.0,payfree
AR00011,SmartStoreWalldorf SmartStoreWalldorf / payfree,Protein Bar Vanilla Stracci,9.0,9.0,9.0,payfree
AR00396,SmartStoreWalldorf SmartStoreWalldorf / payfree,Koro Protein Bar Peanut Chocolate,3.0,4.0,8.8,payfree
AR00293,SmartStoreWalldorf SmartStoreWalldorf / payfree,Shot Cucumber Ginger 60ml,4.0,4.0,8.8,payfree
AR00292,SmartStoreWalldorf SmartStoreWalldorf / payfree,Shot Beetroot 60ml,4.0,4.0,8.8,payfree
AR00165,SmartStoreWalldorf SmartStoreWalldorf / payfree,GO FRESH Wrap Thunfisch,2.0,2.0,7.6,payfree
AR00164,SmartStoreWalldorf SmartStoreWalldorf / payfree,GO FRESH Wrap Linse Falaf,2.0,2.0,7.6,payfree
AR00126,SmartStoreWalldorf SmartStoreWalldorf / payfree,M Candy Schokoerdnüsse,4.0,4.0,7.6,payfree
AR00111,SmartStoreWalldorf SmartStoreWalldorf / payfree,Paprika Chips,3.0,3.0,7.5,payfree
AR00066,SmartStoreWalldorf SmartStoreWalldorf / payfree,BLACK FOREST ICE CREAM Schwarzw. Kirsch,3.0,3.0,7.5,payfree
AR00025,SmartStoreWalldorf SmartStoreWalldorf / payfree,Mars Ice Cream Eisriegel,2.0,3.0,7.5,payfree
AR00321,SmartStoreWalldorf SmartStoreWalldorf / payfree,GIANT Flapjack Pecanut,6.0,6.0,7.2,payfree
AR00194,SmartStoreWalldorf SmartStoreWalldorf / payfree,Laugenbrezel mit Pfeffer,4.0,4.0,7.2,payfree
AR00023,SmartStoreWalldorf SmartStoreWalldorf / payfree,Currywurst Snack,4.0,4.0,7.2,payfree
AR00131,SmartStoreWalldorf SmartStoreWalldorf / payfree,GO FRESH Saladbowl Caesar,1.0,1.0,6.9,payfree
AR90010,SmartStoreWalldorf SmartStoreWalldorf / payfree,"Monster Energy 0,5l",3.0,3.0,6.6,payfree
AR00291,SmartStoreWalldorf SmartStoreWalldorf / payfree,Shot Kurkuma Orange 60ml,3.0,3.0,6.6,payfree
AR00281,SmartStoreWalldorf SmartStoreWalldorf / payfree,Erbsenprotein Milchersatz Barista 1l Vly,2.0,2.0,6.5,payfree
AR90038,SmartStoreWalldorf SmartStoreWalldorf / payfree,"Coca Cola 0,4L Glas Mehrweg",4.0,4.0,6.0,payfree
AR90033,SmartStoreWalldorf SmartStoreWalldorf / payfree,Teinacher still 0.7,5.0,5.0,6.0,payfree
AR00213,SmartStoreWalldorf SmartStoreWalldorf / payfree,Twix Xtra 75g,5.0,5.0,6.0,payfree
AR00003,SmartStoreWalldorf SmartStoreWalldorf / payfree,KitKat,6.0,6.0,6.0,payfree
SM0018,SmartStoreWalldorf SmartStoreWalldorf / payfree,TOPVALU Joynuts Caramel Coffee,2.0,2.0,5.92,payfree
AR00285,SmartStoreWalldorf SmartStoreWalldorf / payfree,Starbucks Cappuccino,2.0,2.0,5.9,payfree
AR00098,SmartStoreWalldorf SmartStoreWalldorf / payfree,Kölln Hafer Porridge Frucht 375g,1.0,1.0,5.75,payfree
AR00193,SmartStoreWalldorf SmartStoreWalldorf / payfree,XL Laugenbrezel 130g FG,4.0,4.0,5.6,payfree
AR00356,SmartStoreWalldorf SmartStoreWalldorf / payfree,Wiener im Glas 390g,1.0,1.0,5.5,payfree
AR00420,SmartStoreWalldorf SmartStoreWalldorf / payfree,Gewürzgurken Durach,1.0,2.0,5.2,payfree
AR00095,SmartStoreWalldorf SmartStoreWalldorf / payfree,Nissin Cup Noodles Chicke,1.0,2.0,5.2,payfree
AR90035,SmartStoreWalldorf SmartStoreWalldorf / payfree,Welde Naturradler,3.0,3.0,5.1,payfree
AR00141,SmartStoreWalldorf SmartStoreWalldorf / payfree,Barilla Fusilli,1.0,2.0,5.0,payfree
AR00122,SmartStoreWalldorf SmartStoreWalldorf / payfree,Pistazien ger,2.0,2.0,5.0,payfree
AR00057,SmartStoreWalldorf SmartStoreWalldorf / payfree,HofEis Erdbeere Sorbet 130ml,2.0,2.0,5.0,payfree
AR00024,SmartStoreWalldorf SmartStoreWalldorf / payfree,Snickers Ice Cream Eisrie,2.0,2.0,5.0,payfree
AR00001,SmartStoreWalldorf SmartStoreWalldorf / payfree,Kinder Bueno 43g Ferrero,5.0,5.0,5.0,payfree
AR90002,SmartStoreWalldorf SmartStoreWalldorf / payfree,"Leergut 0,08 EUR",62.0,62.0,4.96,payfree
AR90031,SmartStoreWalldorf SmartStoreWalldorf / payfree,Teinacher classic,4.0,4.0,4.8,payfree
AR90029,SmartStoreWalldorf SmartStoreWalldorf / payfree,Teinacher Johannisbeer Holunder,3.0,3.0,4.8,payfree
AR00320,SmartStoreWalldorf SmartStoreWalldorf / payfree,GIANT Flapjack Hazelnut,4.0,4.0,4.8,payfree
AR00318,SmartStoreWalldorf SmartStoreWalldorf / payfree,GIANT Flapjack Blueberry,4.0,4.0,4.8,payfree
AR00306,SmartStoreWalldorf SmartStoreWalldorf / payfree,Graci Lab. Functional Muesli 50 Gluten,1.0,1.0,4.7,payfree
AR00190,SmartStoreWalldorf SmartStoreWalldorf / payfree,Brown Donut,3.0,3.0,4.5,payfree
SM0015,SmartStoreWalldorf SmartStoreWalldorf / payfree,Becky's DUO Cakes,2.0,4.0,4.47,payfree
AR00189,SmartStoreWalldorf SmartStoreWalldorf / payfree,Gefüllter Triple Chocolate Muffin,2.0,2.0,4.4,payfree
AR00436,SmartStoreWalldorf SmartStoreWalldorf / payfree,Steiner´s Low Carb Pancakes,1.0,1.0,4.35,payfree
AR00097,SmartStoreWalldorf SmartStoreWalldorf / payfree,Erbsen Möhren Dose Glas,1.0,1.0,4.3,payfree
AR90007,SmartStoreWalldorf SmartStoreWalldorf / payfree,"Hochwald Eisschoko 0,25l Dose",3.0,3.0,4.2,payfree
AR90006,SmartStoreWalldorf SmartStoreWalldorf / payfree,Hochwald Eis Macchiato,3.0,3.0,4.2,payfree
AR00128,SmartStoreWalldorf SmartStoreWalldorf / payfree,Always Ultra,1.0,1.0,4.0,payfree
AR00120,SmartStoreWalldorf SmartStoreWalldorf / payfree,Studentenfutt,2.0,2.0,4.0,payfree
AR00171,SmartStoreWalldorf SmartStoreWalldorf / payfree,Dr Oetker Ofenfrische Peperoni Salami,1.0,1.0,3.95,payfree
AR00146,SmartStoreWalldorf SmartStoreWalldorf / payfree,Duschdas Shower For Men,1.0,1.0,3.95,payfree
AR00028,SmartStoreWalldorf SmartStoreWalldorf / payfree,Vivani Feine Bitter Caramel 80g,1.0,1.0,3.9,payfree
AR00022,SmartStoreWalldorf SmartStoreWalldorf / payfree,Graci Müsli High Power,1.0,1.0,3.9,payfree
AR00021,SmartStoreWalldorf SmartStoreWalldorf / payfree,Graci Müsli light,1.0,1.0,3.9,payfree
AR00017,SmartStoreWalldorf SmartStoreWalldorf / payfree,Wheat Germ & Tomato Cuori 250g,1.0,1.0,3.9,payfree
AR00433,SmartStoreWalldorf SmartStoreWalldorf / payfree,Steiner´s High Protein Fussili,1.0,1.0,3.89,payfree
AR00076,SmartStoreWalldorf SmartStoreWalldorf / payfree,Grill Kohle,1.0,1.0,3.85,payfree
AR00163,SmartStoreWalldorf SmartStoreWalldorf / payfree,GO FRESH Sandw Käse,1.0,1.0,3.8,payfree
AR00161,SmartStoreWalldorf SmartStoreWalldorf / payfree,GO FRESH Sanw Schink Goud,1.0,1.0,3.8,payfree
AR00367,SmartStoreWalldorf SmartStoreWalldorf / payfree,"Snack Nüsse, geröstet & gesalzen",1.0,1.0,3.75,payfree
AR00365,SmartStoreWalldorf SmartStoreWalldorf / payfree,Snack Nüsse Honig & Salz,1.0,1.0,3.75,payfree
AR00364,SmartStoreWalldorf SmartStoreWalldorf / payfree,Snack Nüsse Chilli,1.0,1.0,3.75,payfree
AR00400,SmartStoreWalldorf SmartStoreWalldorf / payfree,Bio cookies & choc fairness 45g,3.0,3.0,3.6,payfree
AR00286,SmartStoreWalldorf SmartStoreWalldorf / payfree,"Yayla Ayran Tetra 0,25L",2.0,3.0,3.6,payfree
AR00211,SmartStoreWalldorf SmartStoreWalldorf / payfree,Mars Riegel Mars 2 Pack 70g,3.0,3.0,3.6,payfree
AR00204,SmartStoreWalldorf SmartStoreWalldorf / payfree,Croissant Schnecke,2.0,2.0,3.6,payfree
AR00135,SmartStoreWalldorf SmartStoreWalldorf / payfree,GO FRESH Pastasalad Chicken,1.0,1.0,3.5,payfree
AR00134,SmartStoreWalldorf SmartStoreWalldorf / payfree,GO FRESH Pastasalat Lyoner Erbse,1.0,1.0,3.5,payfree
IKA003,SmartStoreWalldorf SmartStoreWalldorf / payfree,DRYCK BLÅBÄR - Blueberry syrup,1.0,1.0,3.49,payfree
AR90030,SmartStoreWalldorf SmartStoreWalldorf / payfree,Teinacher Apfelschorle,2.0,2.0,3.2,payfree
AR90023,SmartStoreWalldorf SmartStoreWalldorf / payfree,Teinacher Heidelbeer Eistee,2.0,2.0,3.2,payfree
AR00387,SmartStoreWalldorf SmartStoreWalldorf / payfree,Apfelchips,1.0,1.0,3.0,payfree
AR00222,SmartStoreWalldorf SmartStoreWalldorf / payfree,Haribo Tropifrutti 100g. 30St.,3.0,3.0,3.0,payfree
AR00005,SmartStoreWalldorf SmartStoreWalldorf / payfree,Manner Neapolitaner Schnitten 75g,2.0,3.0,3.0,payfree
IKA010,SmartStoreWalldorf SmartStoreWalldorf / payfree,KAFFEREP - Biscuits with almonds,2.0,2.0,2.98,payfree
AR00118,SmartStoreWalldorf SmartStoreWalldorf / payfree,mB Eier frisch ML,1.0,1.0,2.95,payfree
AR00441,SmartStoreWalldorf SmartStoreWalldorf / payfree,HANDL Veggie Almjäger,1.0,1.0,2.79,payfree
AR00104,SmartStoreWalldorf SmartStoreWalldorf / payfree,Nissin Cup Veggie Miso,1.0,1.0,2.6,payfree
AR00090,SmartStoreWalldorf SmartStoreWalldorf / payfree,BiFi Carazza,2.0,2.0,2.6,payfree
AR00317,SmartStoreWalldorf SmartStoreWalldorf / payfree,Bellezini Bruschettine Tomato & Oregano,1.0,1.0,2.5,payfree
AR00312,SmartStoreWalldorf SmartStoreWalldorf / payfree,Bellezini Focaccine Rosemary,1.0,1.0,2.5,payfree
AR00208,SmartStoreWalldorf SmartStoreWalldorf / payfree,Kinder Country,3.0,5.0,2.5,payfree
AR00169,SmartStoreWalldorf SmartStoreWalldorf / payfree,Fe Yogurette,1.0,1.0,2.5,payfree
AR00068,SmartStoreWalldorf SmartStoreWalldorf / payfree,BF ICE CREAM Himbeere Fichte 100ml Bio V,1.0,1.0,2.5,payfree
AR00061,SmartStoreWalldorf SmartStoreWalldorf / payfree,Mais Dose Glas,1.0,1.0,2.5,payfree
AR00055,SmartStoreWalldorf SmartStoreWalldorf / payfree,HofEis Stracciatella 130ml,1.0,1.0,2.5,payfree
IKA018,SmartStoreWalldorf SmartStoreWalldorf / payfree,FAZER - Milk chocolate tablet,1.0,1.0,2.49,payfree
AR00086,SmartStoreWalldorf SmartStoreWalldorf / payfree,Disposable barbecue,1.0,1.0,2.47,payfree
AR00405,SmartStoreWalldorf SmartStoreWalldorf / payfree,"Bio hazel nougat fairness 37,5g",2.0,2.0,2.4,payfree
AR00403,SmartStoreWalldorf SmartStoreWalldorf / payfree,"Bio double milk fairness 37,5g",2.0,2.0,2.4,payfree
AR00402,SmartStoreWalldorf SmartStoreWalldorf / payfree,Bio poppy & vanilla fairness 45g,2.0,2.0,2.4,payfree
AR00322,SmartStoreWalldorf SmartStoreWalldorf / payfree,GIANT Yoghurt Flapjack Banana,2.0,2.0,2.4,payfree
AR00386,SmartStoreWalldorf SmartStoreWalldorf / payfree,"Mostbuben  Stille Apfelsaftschorle 0,5",1.0,1.0,2.0,payfree
IKA020,SmartStoreWalldorf SmartStoreWalldorf / payfree,"ENSTÄMMIG - Potato crisps, salted, 150 g",1.0,1.0,1.99,payfree
IKA011,SmartStoreWalldorf SmartStoreWalldorf / payfree,KAFFEREP - Oat biscuits,1.0,1.0,1.99,payfree
AR00219,SmartStoreWalldorf SmartStoreWalldorf / payfree,Ritter Sport Edel Vollmilch 100g,1.0,1.0,1.9,payfree
AR00101,SmartStoreWalldorf SmartStoreWalldorf / payfree,Brezeln,1.0,1.0,1.9,payfree
AR00191,SmartStoreWalldorf SmartStoreWalldorf / payfree,Mexicana Stange,1.0,1.0,1.8,payfree
AR90051,SmartStoreWalldorf SmartStoreWalldorf / payfree,Untou Bio Matcha Zitrone,1.0,1.0,1.6,payfree
AR00087,SmartStoreWalldorf SmartStoreWalldorf / payfree,Parking disc,1.0,1.0,1.5,payfree
AR00223,SmartStoreWalldorf SmartStoreWalldorf / payfree,Saltletts Sticks 75g,2.0,2.0,1.4,payfree
SM0019,SmartStoreWalldorf SmartStoreWalldorf / payfree,TOPVALU Fine-cuts Sweet Potatos Snacks,2.0,2.0,1.2,payfree
AR90025,SmartStoreWalldorf SmartStoreWalldorf / payfree,Teinacher Mineralwasser Naturell 0.33,1.0,1.0,1.2,payfree
AR00404,SmartStoreWalldorf SmartStoreWalldorf / payfree,"Bio creamy cocos fairness 37,5g",1.0,1.0,1.2,payfree
AR00401,SmartStoreWalldorf SmartStoreWalldorf / payfree,Bio honey almond fairness 45g,1.0,1.0,1.2,payfree
SM0015,SmartStoreWalldorf SmartStoreWalldorf / payfree,TOPVALU Cheese Snacks,2.0,2.0,1.08,payfree
AR00214,SmartStoreWalldorf SmartStoreWalldorf / payfree,Kitkat Chunky 40g Nestlé,1.0,1.0,1.0,payfree
AR00004,SmartStoreWalldorf SmartStoreWalldorf / payfree,Duplo,2.0,2.0,1.0,payfree
IKA005,SmartStoreWalldorf SmartStoreWalldorf / payfree,"LÅNGLUR - Fruit  smoothie, yellow/added",1.0,1.0,0.99,payfree
AR90013,SmartStoreWalldorf SmartStoreWalldorf / smart,"Red Bull 0,25",97.0,97.0,103.48,smart
SM0018,SmartStoreWalldorf SmartStoreWalldorf / smart,TOPVALU Joynuts Caramel Coffee,3.0,3.0,59.7,smart
AR90004,SmartStoreWalldorf SmartStoreWalldorf / smart,"Leergut 0,25 EUR",186.0,186.0,46.5,smart
SM0019,SmartStoreWalldorf SmartStoreWalldorf / smart,TOPVALU Fine-cuts Sweet Potatos Snacks,6.0,6.0,45.94,smart
AR00081,SmartStoreWalldorf SmartStoreWalldorf / smart,Beef Jerky Sweet & Hot,19.0,19.0,37.75,smart
AR00080,SmartStoreWalldorf SmartStoreWalldorf / smart,Beef Jerky Original,15.0,15.0,31.5,smart
AR00149,SmartStoreWalldorf SmartStoreWalldorf / smart,Butcher Chick Curry Ki 400g,7.0,7.0,30.74,smart
SM0017,SmartStoreWalldorf SmartStoreWalldorf / smart,TOPVALU Joynuts Strawberry Mix,2.0,2.0,29.8,smart
AR00115,SmartStoreWalldorf SmartStoreWalldorf / smart,Mentos Gum Pure Frost,8.0,8.0,28.0,smart
AR90054,SmartStoreWalldorf SmartStoreWalldorf / smart,Red Bull Sea Blue Edition,23.0,23.0,24.61,smart
AR00454,SmartStoreWalldorf SmartStoreWalldorf / smart,Airwaves Menth & Eucalypt Box,7.0,7.0,20.3,smart
AR00094,SmartStoreWalldorf SmartStoreWalldorf / smart,Disposable cutlery set,59.0,59.0,17.7,smart
AR90019,SmartStoreWalldorf SmartStoreWalldorf / smart,DPG Vitamin Well Hydrate,9.0,9.0,17.55,smart
AR00331,SmartStoreWalldorf SmartStoreWalldorf / smart,The Yeah Blend Green Matcha Latte Powder,1.0,1.0,16.57,smart
AR90055,SmartStoreWalldorf SmartStoreWalldorf / smart,Red Bull Summer Edition,17.0,17.0,16.09,smart
AR00017,SmartStoreWalldorf SmartStoreWalldorf / smart,Wheat Germ & Tomato Cuori 250g,4.0,4.0,15.6,smart
AR00448,SmartStoreWalldorf SmartStoreWalldorf / smart,Aramark Seasoning Mix,4.0,4.0,15.56,smart
AR00088,SmartStoreWalldorf SmartStoreWalldorf / smart,Wick Blau ohne Zucker,7.0,7.0,15.4,smart
AR00432,SmartStoreWalldorf SmartStoreWalldorf / smart,ichoc Choco Cookie,4.0,4.0,14.0,smart
AR00025,SmartStoreWalldorf SmartStoreWalldorf / smart,Mars Ice Cream Eisriegel,5.0,5.0,12.5,smart
SM0016,SmartStoreWalldorf SmartStoreWalldorf / smart,TOPVALU Chocoka Plain,7.0,7.0,12.33,smart
AR00278,SmartStoreWalldorf SmartStoreWalldorf / smart,Gaudenz Cuvée Rot Weingut Knipser,1.0,1.0,11.9,smart
AR00394,SmartStoreWalldorf SmartStoreWalldorf / smart,Koro Protein Bar Pistachio,4.0,4.0,11.6,smart
AR90012,SmartStoreWalldorf SmartStoreWalldorf / smart,Red Bull Green Edition,9.0,9.0,11.43,smart
AR00233,SmartStoreWalldorf SmartStoreWalldorf / smart,Strohhalme Einweg Bambus,1.0,1.0,10.9,smart
SM0015,SmartStoreWalldorf SmartStoreWalldorf / smart,TOPVALU Cheese Snacks,7.0,7.0,10.63,smart
AR90016,SmartStoreWalldorf SmartStoreWalldorf / smart,Red Bull Blue Edition,8.0,8.0,10.18,smart
AR00147,SmartStoreWalldorf SmartStoreWalldorf / smart,Butcher Lasagne Yeah,2.0,2.0,9.31,smart
AR90039,SmartStoreWalldorf SmartStoreWalldorf / smart,"Coca Cola Zero 0,4L Glas Mehrweg",6.0,6.0,9.0,smart
AR00148,SmartStoreWalldorf SmartStoreWalldorf / smart,Butcher Chill mal Carne,2.0,2.0,8.82,smart
AR00189,SmartStoreWalldorf SmartStoreWalldorf / smart,Gefüllter Triple Chocolate Muffin,4.0,4.0,8.8,smart
AR00453,SmartStoreWalldorf SmartStoreWalldorf / smart,Bifi Roll XXL,4.0,4.0,8.4,smart
AR90011,SmartStoreWalldorf SmartStoreWalldorf / smart,Red Bull White Edition,9.0,9.0,8.03,smart
SM0017,SmartStoreWalldorf SmartStoreWalldorf / smart,Milk Chocolate Style Raisins,4.0,4.0,7.96,smart
AR00365,SmartStoreWalldorf SmartStoreWalldorf / smart,Snack Nüsse Honig & Salz,2.0,2.0,7.5,smart
AR00187,SmartStoreWalldorf SmartStoreWalldorf / smart,Twix Ice Cream Eisriegel,3.0,3.0,7.5,smart
AR00053,SmartStoreWalldorf SmartStoreWalldorf / smart,Tomatenmark 200g Tube,2.0,2.0,6.8,smart
AR90014,SmartStoreWalldorf SmartStoreWalldorf / smart,"Red Bull Sugar Free 0,25",5.0,5.0,6.79,smart
AR00407,SmartStoreWalldorf SmartStoreWalldorf / smart,Soft Protein Riegel Salted Peanut Carame,2.0,2.0,6.4,smart
AR90015,SmartStoreWalldorf SmartStoreWalldorf / smart,Red Bull Zero,5.0,5.0,6.36,smart
AR00283,SmartStoreWalldorf SmartStoreWalldorf / smart,Starbucks Caramel Macchiato,2.0,2.0,5.9,smart
AR00188,SmartStoreWalldorf SmartStoreWalldorf / smart,Laugenbrezel mit Butter,3.0,3.0,5.4,smart
AR00013,SmartStoreWalldorf SmartStoreWalldorf / smart,Berliner Brezel 70g FB,3.0,3.0,5.4,smart
AR00008,SmartStoreWalldorf SmartStoreWalldorf / smart,Schinken Käse Croissant Snack,3.0,3.0,5.4,smart
AR90034,SmartStoreWalldorf SmartStoreWalldorf / smart,Welde Slow,3.0,3.0,5.1,smart
AR00241,SmartStoreWalldorf SmartStoreWalldorf / smart,HOMEMADE BUN HAM,2.0,2.0,5.0,smart
AR00035,SmartStoreWalldorf SmartStoreWalldorf / smart,ARAMARK BIO Pfeffer schwarz 40g Mühle,2.0,2.0,5.0,smart
AR00086,SmartStoreWalldorf SmartStoreWalldorf / smart,Disposable barbecue,1.0,1.0,4.95,smart
AR00117,SmartStoreWalldorf SmartStoreWalldorf / smart,BiFi Veggie Roll XXL,2.0,2.0,4.2,smart
AR00128,SmartStoreWalldorf SmartStoreWalldorf / smart,Always Ultra,1.0,1.0,4.0,smart
AR00152,SmartStoreWalldorf SmartStoreWalldorf / smart,Leibniz Butterkeks,1.0,1.0,3.95,smart
AR00344,SmartStoreWalldorf SmartStoreWalldorf / smart,Schinkenwurst 200g Dose,1.0,1.0,3.9,smart
AR90042,SmartStoreWalldorf SmartStoreWalldorf / smart,Welde Weizen,2.0,2.0,3.8,smart
AR00219,SmartStoreWalldorf SmartStoreWalldorf / smart,Ritter Sport Edel Vollmilch 100g,2.0,2.0,3.8,smart
AR00165,SmartStoreWalldorf SmartStoreWalldorf / smart,GO FRESH Wrap Thunfisch,1.0,1.0,3.8,smart
AR00164,SmartStoreWalldorf SmartStoreWalldorf / smart,GO FRESH Wrap Linse Falaf,1.0,1.0,3.8,smart
AR00161,SmartStoreWalldorf SmartStoreWalldorf / smart,GO FRESH Sanw Schink Goud,1.0,1.0,3.8,smart
AR00062,SmartStoreWalldorf SmartStoreWalldorf / smart,Flash barbecue lighter,2.0,2.0,3.8,smart
AR00364,SmartStoreWalldorf SmartStoreWalldorf / smart,Snack Nüsse Chilli,1.0,1.0,3.75,smart
AR00107,SmartStoreWalldorf SmartStoreWalldorf / smart,Gilette Disposable razor,1.0,1.0,3.7,smart
AR00213,SmartStoreWalldorf SmartStoreWalldorf / smart,Twix Xtra 75g,3.0,3.0,3.6,smart
AR00119,SmartStoreWalldorf SmartStoreWalldorf / smart,Oet Baguette Salami,1.0,1.0,3.5,smart
AR90041,SmartStoreWalldorf SmartStoreWalldorf / smart,FUZE T ZITRONE,2.0,2.0,3.4,smart
AR00040,SmartStoreWalldorf SmartStoreWalldorf / smart,Barebells Caramel Choco 55g,1.0,1.0,3.3,smart
AR00382,SmartStoreWalldorf SmartStoreWalldorf / smart,Dr.  Kargs Protein Knäcke,1.0,1.0,3.25,smart
AR90029,SmartStoreWalldorf SmartStoreWalldorf / smart,Teinacher Johannisbeer Holunder,2.0,2.0,3.2,smart
AR00212,SmartStoreWalldorf SmartStoreWalldorf / smart,Mars Protein 50g,1.0,1.0,3.2,smart
AR00108,SmartStoreWalldorf SmartStoreWalldorf / smart,M Cooky Gloria Gebäckmisc,1.0,1.0,3.0,smart
AR00285,SmartStoreWalldorf SmartStoreWalldorf / smart,Starbucks Cappuccino,1.0,1.0,2.95,smart
AR00282,SmartStoreWalldorf SmartStoreWalldorf / smart,Starbucks Caffé Latte,1.0,1.0,2.95,smart
AR00136,SmartStoreWalldorf SmartStoreWalldorf / smart,La Magnum Almond,1.0,1.0,2.7,smart
AR00090,SmartStoreWalldorf SmartStoreWalldorf / smart,BiFi Carazza,2.0,2.0,2.6,smart
AR00395,SmartStoreWalldorf SmartStoreWalldorf / smart,Koro Protein Bar Schoko Brownie,1.0,1.0,2.5,smart
AR00244,SmartStoreWalldorf SmartStoreWalldorf / smart,HOMEMADE BUN Veggie Laugenecke Tom Moz,1.0,1.0,2.5,smart
AR00242,SmartStoreWalldorf SmartStoreWalldorf / smart,HOMEMADE BUN Salami,1.0,1.0,2.5,smart
AR00203,SmartStoreWalldorf SmartStoreWalldorf / smart,Nussschnecke,1.0,1.0,2.5,smart
AR00288,SmartStoreWalldorf SmartStoreWalldorf / smart,Smothie Froosh  Strawberry 250ml,1.0,1.0,2.4,smart
AR00438,SmartStoreWalldorf SmartStoreWalldorf / smart,Takis Blue Heat,1.0,1.0,2.35,smart
AR00398,SmartStoreWalldorf SmartStoreWalldorf / smart,Gepa Schokolade Vollmilch 100g Bio Voll,1.0,1.0,2.35,smart
AR00396,SmartStoreWalldorf SmartStoreWalldorf / smart,Koro Protein Bar Peanut Chocolate,1.0,1.0,2.2,smart
AR00294,SmartStoreWalldorf SmartStoreWalldorf / smart,Shot Ginger Apple 60ml,1.0,1.0,2.2,smart
AR00291,SmartStoreWalldorf SmartStoreWalldorf / smart,Shot Kurkuma Orange 60ml,1.0,1.0,2.2,smart
AR90053,SmartStoreWalldorf SmartStoreWalldorf / smart,"Moretti Beer 0,33L",1.0,1.0,2.0,smart
AR00198,SmartStoreWalldorf SmartStoreWalldorf / smart,Tempo fresh to go Protect,1.0,1.0,2.0,smart
AR00109,SmartStoreWalldorf SmartStoreWalldorf / smart,M Cooky Spritzgebäck,1.0,1.0,2.0,smart
AR00084,SmartStoreWalldorf SmartStoreWalldorf / smart,La Nogger Choc,1.0,1.0,2.0,smart
AR00010,SmartStoreWalldorf SmartStoreWalldorf / smart,Protein Bar Chocolate,2.0,2.0,2.0,smart
IKA019,SmartStoreWalldorf SmartStoreWalldorf / smart,ENSTÄMMIG - Potato crisps,1.0,1.0,1.99,smart
AR90018,SmartStoreWalldorf SmartStoreWalldorf / smart,DPG Vitamin Well Reload,1.0,1.0,1.95,smart
AR00240,SmartStoreWalldorf SmartStoreWalldorf / smart,HOMEMADE BUN Cheese,1.0,1.0,1.9,smart
AR00126,SmartStoreWalldorf SmartStoreWalldorf / smart,M Candy Schokoerdnüsse,1.0,1.0,1.9,smart
AR00113,SmartStoreWalldorf SmartStoreWalldorf / smart,Erdnussflips,1.0,1.0,1.9,smart
AR00101,SmartStoreWalldorf SmartStoreWalldorf / smart,Brezeln,1.0,1.0,1.9,smart
AR90003,SmartStoreWalldorf SmartStoreWalldorf / smart,"Leergut 0,15 EUR",12.0,12.0,1.8,smart
IKA007,SmartStoreWalldorf SmartStoreWalldorf / smart,"LÅNGLUR - smoothie, green/added vitamin",1.0,1.0,1.79,smart
AR90040,SmartStoreWalldorf SmartStoreWalldorf / smart,FUZE T PFIRSICH,1.0,1.0,1.7,smart
AR90035,SmartStoreWalldorf SmartStoreWalldorf / smart,Welde Naturradler,1.0,1.0,1.7,smart
AR90050,SmartStoreWalldorf SmartStoreWalldorf / smart,Untou Bio Matcha Lime,1.0,1.0,1.6,smart
SM0016,SmartStoreWalldorf SmartStoreWalldorf / smart,Natural Happiness Nut & Fruit Mix,1.0,1.0,1.59,smart
AR00087,SmartStoreWalldorf SmartStoreWalldorf / smart,Parking disc,1.0,1.0,1.5,smart
AR00004,SmartStoreWalldorf SmartStoreWalldorf / smart,Duplo,3.0,3.0,1.5,smart
IKA014,SmartStoreWalldorf SmartStoreWalldorf / smart,MUNSBIT - Mix of roasted nuts/berrie,1.0,1.0,1.49,smart
AR90008,SmartStoreWalldorf SmartStoreWalldorf / smart,"Hochwald Eiskaffee 0,25l Dose",1.0,1.0,1.4,smart
AR90007,SmartStoreWalldorf SmartStoreWalldorf / smart,"Hochwald Eisschoko 0,25l Dose",1.0,1.0,1.4,smart
AR00176,SmartStoreWalldorf SmartStoreWalldorf / smart,Pringles Hot & Spicy,1.0,1.0,1.4,smart
AR00129,SmartStoreWalldorf SmartStoreWalldorf / smart,BiFi Roll,1.0,1.0,1.4,smart
AR00114,SmartStoreWalldorf SmartStoreWalldorf / smart,Pringles Sweet Paprika,1.0,1.0,1.4,smart
SM0015,SmartStoreWalldorf SmartStoreWalldorf / smart,Becky's DUO Cakes,1.0,1.0,1.29,smart
AR90033,SmartStoreWalldorf SmartStoreWalldorf / smart,Teinacher still 0.7,1.0,1.0,1.2,smart
AR00401,SmartStoreWalldorf SmartStoreWalldorf / smart,Bio honey almond fairness 45g,1.0,1.0,1.2,smart
AR00321,SmartStoreWalldorf SmartStoreWalldorf / smart,GIANT Flapjack Pecanut,1.0,1.0,1.2,smart
AR00319,SmartStoreWalldorf SmartStoreWalldorf / smart,GIANT Flapjack Raspberry,1.0,1.0,1.2,smart
AR00318,SmartStoreWalldorf SmartStoreWalldorf / smart,GIANT Flapjack Blueberry,1.0,1.0,1.2,smart
AR00211,SmartStoreWalldorf SmartStoreWalldorf / smart,Mars Riegel Mars 2 Pack 70g,1.0,1.0,1.2,smart
IKA013,SmartStoreWalldorf SmartStoreWalldorf / smart,FYRTAKT - Jelly candy berry flavours,1.0,1.0,1.19,smart
IKA012,SmartStoreWalldorf SmartStoreWalldorf / smart,"FYRTAKT - Jelly candy, cola flavour",1.0,1.0,1.19,smart
AR00220,SmartStoreWalldorf SmartStoreWalldorf / smart,Haribo Goldbären 100g,1.0,1.0,1.0,smart
AR00209,SmartStoreWalldorf SmartStoreWalldorf / smart,Kinderriegel,2.0,2.0,1.0,smart
AR00207,SmartStoreWalldorf SmartStoreWalldorf / smart,Hanuta 2er 44g,1.0,1.0,1.0,smart
AR00039,SmartStoreWalldorf SmartStoreWalldorf / smart,Airwaves Menth & Eucalypt,1.0,1.0,1.0,smart
AR00011,SmartStoreWalldorf SmartStoreWalldorf / smart,Protein Bar Vanilla Stracci,1.0,1.0,1.0,smart
AR00009,SmartStoreWalldorf SmartStoreWalldorf / smart,Protein Bar Caramell Toffee,1.0,1.0,1.0,smart
SM0014,SmartStoreWalldorf SmartStoreWalldorf / smart,Sunny Bites Banana Chips,1.0,1.0,0.99,smart
AR90002,SmartStoreWalldorf SmartStoreWalldorf / smart,"Leergut 0,08 EUR",7.0,7.0,0.56,smart
AR00249,SmartStoreWalldorf SmartStoreWalldorf / smart,Cafe Creme,1.0,1.0,0.19,smart
AR00027,SmartStoreWalldorf SmartStoreWalldorf / -,Black Truffle Trufa Negra 24 Beutel á,97.0,97.0,116.4,-
AR00271,SmartStoreWalldorf SmartStoreWalldorf / -,Kaffee SAP Kaffee 1000gr.,3.0,3.0,81.0,-
AR00160,SmartStoreWalldorf SmartStoreWalldorf / -,GO FRESH Tuna Sandwich,5.0,5.0,19.0,-
AR90021,SmartStoreWalldorf SmartStoreWalldorf / -,YFood Trink Vanilla,3.0,3.0,14.7,-
AR00394,SmartStoreWalldorf SmartStoreWalldorf / -,Koro Protein Bar Pistachio,5.0,5.0,14.5,-
AR00088,SmartStoreWalldorf SmartStoreWalldorf / -,Wick Blau ohne Zucker,6.0,6.0,13.2,-
AR00163,SmartStoreWalldorf SmartStoreWalldorf / -,GO FRESH Sandw Käse,3.0,3.0,11.4,-
AR00008,SmartStoreWalldorf SmartStoreWalldorf / -,Schinken Käse Croissant Snack,6.0,6.0,10.8,-
AR00080,SmartStoreWalldorf SmartStoreWalldorf / -,Beef Jerky Original,4.0,4.0,10.0,-
AR00040,SmartStoreWalldorf SmartStoreWalldorf / -,Barebells Caramel Choco 55g,3.0,3.0,9.9,-
AR00136,SmartStoreWalldorf SmartStoreWalldorf / -,La Magnum Almond,3.0,3.0,8.1,-
AR00095,SmartStoreWalldorf SmartStoreWalldorf / -,Nissin Cup Noodles Chicke,3.0,3.0,7.8,-
AR00165,SmartStoreWalldorf SmartStoreWalldorf / -,GO FRESH Wrap Thunfisch,2.0,2.0,7.6,-
AR00157,SmartStoreWalldorf SmartStoreWalldorf / -,GO FRESH Wrap Chicken Chi,2.0,2.0,7.6,-
AR00081,SmartStoreWalldorf SmartStoreWalldorf / -,Beef Jerky Sweet & Hot,3.0,3.0,7.5,-
AR00119,SmartStoreWalldorf SmartStoreWalldorf / -,Oet Baguette Salami,2.0,2.0,7.0,-
AR00115,SmartStoreWalldorf SmartStoreWalldorf / -,Mentos Gum Pure Frost,2.0,2.0,7.0,-
AR90015,SmartStoreWalldorf SmartStoreWalldorf / -,Red Bull Zero,4.0,4.0,6.8,-
AR90039,SmartStoreWalldorf SmartStoreWalldorf / -,"Coca Cola Zero 0,4L Glas Mehrweg",4.0,4.0,6.0,-
AR00138,SmartStoreWalldorf SmartStoreWalldorf / -,La Cornetto Haselnuss,3.0,3.0,6.0,-
AR00304,SmartStoreWalldorf SmartStoreWalldorf / -,Graci Laboratories Muesli Fruits Big Tu,1.0,1.0,5.65,-
AR90013,SmartStoreWalldorf SmartStoreWalldorf / -,"Red Bull 0,25",3.0,3.0,5.1,-
AR90012,SmartStoreWalldorf SmartStoreWalldorf / -,Red Bull Green Edition,3.0,3.0,5.1,-
AR00065,SmartStoreWalldorf SmartStoreWalldorf / -,BLACK FOREST ICE CREAM Schokolade 100ml,2.0,2.0,5.0,-
AR00061,SmartStoreWalldorf SmartStoreWalldorf / -,Mais Dose Glas,2.0,2.0,5.0,-
AR00121,SmartStoreWalldorf SmartStoreWalldorf / -,Cashews gerös,2.0,2.0,4.4,-
AR00097,SmartStoreWalldorf SmartStoreWalldorf / -,Erbsen Möhren Dose Glas,1.0,1.0,4.3,-
AR90008,SmartStoreWalldorf SmartStoreWalldorf / -,"Hochwald Eiskaffee 0,25l Dose",3.0,3.0,4.2,-
AR00117,SmartStoreWalldorf SmartStoreWalldorf / -,BiFi Veggie Roll XXL,2.0,2.0,4.2,-
AR00171,SmartStoreWalldorf SmartStoreWalldorf / -,Dr Oetker Ofenfrische Peperoni Salami,1.0,1.0,3.95,-
AR00096,SmartStoreWalldorf SmartStoreWalldorf / -,Leibniz Schokokeks VM,1.0,1.0,3.95,-
AR90018,SmartStoreWalldorf SmartStoreWalldorf / -,DPG Vitamin Well Reload,2.0,2.0,3.9,-
AR00020,SmartStoreWalldorf SmartStoreWalldorf / -,Graci Müsli High Beautiful,1.0,1.0,3.9,-
AR00166,SmartStoreWalldorf SmartStoreWalldorf / -,GO FRESH Sandw SweetChili,1.0,1.0,3.8,-
AR90031,SmartStoreWalldorf SmartStoreWalldorf / -,Teinacher classic,3.0,3.0,3.6,-
AR00188,SmartStoreWalldorf SmartStoreWalldorf / -,Laugenbrezel mit Butter,2.0,2.0,3.6,-
AR00013,SmartStoreWalldorf SmartStoreWalldorf / -,Berliner Brezel 70g FB,2.0,2.0,3.6,-
AR00432,SmartStoreWalldorf SmartStoreWalldorf / -,ichoc Choco Cookie,1.0,1.0,3.5,-
AR00110,SmartStoreWalldorf SmartStoreWalldorf / -,Hansaplast Sensitive,1.0,1.0,3.5,-
AR90054,SmartStoreWalldorf SmartStoreWalldorf / -,Red Bull Sea Blue Edition,2.0,2.0,3.4,-
AR00041,SmartStoreWalldorf SmartStoreWalldorf / -,Barebells Soft Protein Coco Choco 55g,1.0,1.0,3.3,-
AR90037,SmartStoreWalldorf SmartStoreWalldorf / -,"Mezzo Mix 0,4L Glas Mehrweg",2.0,2.0,3.0,-
AR00415,SmartStoreWalldorf SmartStoreWalldorf / -,Coffee Cup Small,2.0,2.0,3.0,-
AR00190,SmartStoreWalldorf SmartStoreWalldorf / -,Brown Donut,2.0,2.0,3.0,-
AR00005,SmartStoreWalldorf SmartStoreWalldorf / -,Manner Neapolitaner Schnitten 75g,3.0,3.0,3.0,-
AR00001,SmartStoreWalldorf SmartStoreWalldorf / -,Kinder Bueno 43g Ferrero,3.0,3.0,3.0,-
AR00118,SmartStoreWalldorf SmartStoreWalldorf / -,mB Eier frisch ML,1.0,1.0,2.95,-
AR00397,SmartStoreWalldorf SmartStoreWalldorf / -,Koro Protein Bar Butter Cups,1.0,1.0,2.5,-
AR00395,SmartStoreWalldorf SmartStoreWalldorf / -,Koro Protein Bar Schoko Brownie,1.0,1.0,2.5,-
AR00187,SmartStoreWalldorf SmartStoreWalldorf / -,Twix Ice Cream Eisriegel,1.0,1.0,2.5,-
AR00057,SmartStoreWalldorf SmartStoreWalldorf / -,HofEis Erdbeere Sorbet 130ml,1.0,1.0,2.5,-
AR00056,SmartStoreWalldorf SmartStoreWalldorf / -,HofEis Joghurt Heidelbeere 130ml,1.0,1.0,2.5,-
AR00055,SmartStoreWalldorf SmartStoreWalldorf / -,HofEis Stracciatella 130ml,1.0,1.0,2.5,-
AR00025,SmartStoreWalldorf SmartStoreWalldorf / -,Mars Ice Cream Eisriegel,1.0,1.0,2.5,-
AR00404,SmartStoreWalldorf SmartStoreWalldorf / -,"Bio creamy cocos fairness 37,5g",2.0,2.0,2.4,-
AR00211,SmartStoreWalldorf SmartStoreWalldorf / -,Mars Riegel Mars 2 Pack 70g,2.0,2.0,2.4,-
AR00210,SmartStoreWalldorf SmartStoreWalldorf / -,Snickers Riegel  2 Pack,2.0,2.0,2.4,-
AR00332,SmartStoreWalldorf SmartStoreWalldorf / -,BIO Hafer Drink Cappuccino Oatly,1.0,1.0,2.25,-
AR00094,SmartStoreWalldorf SmartStoreWalldorf / -,Disposable cutlery set,7.0,7.0,2.1,-
AR00074,SmartStoreWalldorf SmartStoreWalldorf / -,Mikrowe Pommes extra dünn,1.0,1.0,2.0,-
AR90019,SmartStoreWalldorf SmartStoreWalldorf / -,DPG Vitamin Well Hydrate,1.0,1.0,1.95,-
AR00240,SmartStoreWalldorf SmartStoreWalldorf / -,HOMEMADE BUN Cheese,1.0,1.0,1.9,-
AR00019,SmartStoreWalldorf SmartStoreWalldorf / -,Graci Laboratories Funtional Meal Cousco,1.0,1.0,1.8,-
AR90009,SmartStoreWalldorf SmartStoreWalldorf / -,"Powerade Mountain Blast 0,5l PEW",1.0,1.0,1.6,-
AR00178,SmartStoreWalldorf SmartStoreWalldorf / -,Pringles Original,1.0,1.0,1.4,-
AR00090,SmartStoreWalldorf SmartStoreWalldorf / -,BiFi Carazza,1.0,1.0,1.3,-
AR00322,SmartStoreWalldorf SmartStoreWalldorf / -,GIANT Yoghurt Flapjack Banana,1.0,1.0,1.2,-
AR00320,SmartStoreWalldorf SmartStoreWalldorf / -,GIANT Flapjack Hazelnut,1.0,1.0,1.2,-
AR00213,SmartStoreWalldorf SmartStoreWalldorf / -,Twix Xtra 75g,1.0,1.0,1.2,-
AR00214,SmartStoreWalldorf SmartStoreWalldorf / -,Kitkat Chunky 40g Nestlé,1.0,1.0,1.0,-
AR00054,SmartStoreWalldorf SmartStoreWalldorf / -,M&M Peanut,1.0,1.0,1.0,-
AR00010,SmartStoreWalldorf SmartStoreWalldorf / -,Protein Bar Chocolate,1.0,1.0,1.0,-
