ID,store_ID,article_ID,businessDate,expiresOn,hoursToExpiry,onHand,forecastSellThrough,projectedWaste,recommendedDiscountPct,expectedRecovery,wasteCostAvoided,marginImpact,currency_code,criticality,state,reasoning
MD-000001,BLN01,AR00245,2026-07-03,2026-07-06,42,5.374,1.007,4.367,50,7.19,7.65,11.92,EUR,1,OPEN,5 units on hand against 1 expected to sell in the 42h left. A 50% markdown lifts expected sales to 5 units and recovers EUR 7.19 instead of writing off 4.4 units.
MD-000002,WDF01,AR00245,2026-07-03,2026-07-06,57,5.412,0.994,4.418,50,7.1,7.55,11.77,EUR,1,OPEN,5 units on hand against 1 expected to sell in the 57h left. A 50% markdown lifts expected sales to 4.9 units and recovers EUR 7.1 instead of writing off 4.4 units.
MD-000003,MUC01,AR00245,2026-07-03,2026-07-06,57,5.642,0.645,4.997,50,4.61,4.9,7.64,EUR,1,OPEN,6 units on hand against 0.6 expected to sell in the 57h left. A 50% markdown lifts expected sales to 3.2 units and recovers EUR 4.61 instead of writing off 5 units.
MD-000004,HAM01,AR00245,2026-07-03,2026-07-06,37,4.709,2.762,1.947,20,10.7,3.59,6.28,EUR,2,OPEN,5 units on hand against 2.8 expected to sell in the 37h left. A 20% markdown lifts expected sales to 4.6 units and recovers EUR 10.7 instead of writing off 1.9 units.
MD-000005,STR01,AR00245,2026-07-03,2026-07-06,57,5.283,0.426,4.857,50,3.04,3.24,5.04,EUR,1,OPEN,5 units on hand against 0.4 expected to sell in the 57h left. A 50% markdown lifts expected sales to 2.1 units and recovers EUR 3.04 instead of writing off 4.9 units.
MD-000006,HAM01,AR00163,2026-07-03,2026-07-05,22,5.477,0.343,5.134,50,3,3.17,4.95,EUR,1,OPEN,5 units on hand against 0.3 expected to sell in the 22h left. A 50% markdown lifts expected sales to 1.7 units and recovers EUR 3 instead of writing off 5.1 units.
MD-000007,HAM01,AR00159,2026-07-03,2026-07-05,22,5.785,0.335,5.45,50,2.93,3.09,4.83,EUR,1,OPEN,6 units on hand against 0.3 expected to sell in the 22h left. A 50% markdown lifts expected sales to 1.6 units and recovers EUR 2.93 instead of writing off 5.5 units.
MD-000008,HAM01,AR00158,2026-07-03,2026-07-05,22,5.172,0.303,4.869,50,2.65,2.8,4.37,EUR,1,OPEN,5 units on hand against 0.3 expected to sell in the 22h left. A 50% markdown lifts expected sales to 1.5 units and recovers EUR 2.65 instead of writing off 4.9 units.
MD-000009,HAM01,AR00095,2026-07-03,2026-07-07,52,5.747,0.433,5.314,50,2.59,2.78,4.32,EUR,1,OPEN,6 units on hand against 0.4 expected to sell in the 52h left. A 50% markdown lifts expected sales to 2.1 units and recovers EUR 2.59 instead of writing off 5.3 units.
MD-000010,HAM01,AR00160,2026-07-03,2026-07-05,22,5.715,0.295,5.42,50,2.58,2.72,4.25,EUR,1,OPEN,6 units on hand against 0.3 expected to sell in the 22h left. A 50% markdown lifts expected sales to 1.5 units and recovers EUR 2.58 instead of writing off 5.4 units.
MD-000011,HAM01,AR00157,2026-07-03,2026-07-05,22,5.527,0.287,5.24,50,2.51,2.65,4.14,EUR,1,OPEN,6 units on hand against 0.3 expected to sell in the 22h left. A 50% markdown lifts expected sales to 1.4 units and recovers EUR 2.51 instead of writing off 5.2 units.
MD-000012,HAM01,AR00241,2026-07-03,2026-07-04,7,5.304,0.398,4.906,50,2.29,2.46,3.83,EUR,1,OPEN,5 units on hand against 0.4 expected to sell in the 7h left. A 50% markdown lifts expected sales to 2 units and recovers EUR 2.29 instead of writing off 4.9 units.
MD-000013,HAM01,AR00161,2026-07-03,2026-07-05,22,5.23,0.247,4.983,50,2.16,2.28,3.57,EUR,1,OPEN,5 units on hand against 0.2 expected to sell in the 22h left. A 50% markdown lifts expected sales to 1.2 units and recovers EUR 2.16 instead of writing off 5 units.
MD-000014,BLN01,AR00160,2026-07-03,2026-07-05,25,5.561,0.24,5.321,50,2.09,2.21,3.46,EUR,1,OPEN,6 units on hand against 0.2 expected to sell in the 25h left. A 50% markdown lifts expected sales to 1.2 units and recovers EUR 2.09 instead of writing off 5.3 units.
MD-000015,HAM01,AR00071,2026-07-03,2026-07-05,22,7.603,0.295,7.308,50,1.97,1.82,2.99,EUR,1,OPEN,8 units on hand against 0.3 expected to sell in the 22h left. A 50% markdown lifts expected sales to 1.5 units and recovers EUR 1.97 instead of writing off 7.3 units.
MD-000016,HAM01,AR00243,2026-07-03,2026-07-04,7,4.845,0.309,4.536,50,1.78,1.91,2.97,EUR,1,OPEN,5 units on hand against 0.3 expected to sell in the 7h left. A 50% markdown lifts expected sales to 1.5 units and recovers EUR 1.78 instead of writing off 4.5 units.
MD-000017,BLN01,AR00157,2026-07-03,2026-07-05,25,5.133,0.2,4.933,50,1.75,1.85,2.88,EUR,1,OPEN,5 units on hand against 0.2 expected to sell in the 25h left. A 50% markdown lifts expected sales to 1 units and recovers EUR 1.75 instead of writing off 4.9 units.
MD-000018,HAM01,AR00240,2026-07-03,2026-07-04,7,4.749,0.38,4.369,50,1.67,1.82,2.81,EUR,1,OPEN,5 units on hand against 0.4 expected to sell in the 7h left. A 50% markdown lifts expected sales to 1.9 units and recovers EUR 1.67 instead of writing off 4.4 units.
MD-000019,HAM01,AR00164,2026-07-03,2026-07-05,22,3.005,0.191,2.814,50,1.67,1.77,2.76,EUR,1,OPEN,3 units on hand against 0.2 expected to sell in the 22h left. A 50% markdown lifts expected sales to 0.9 units and recovers EUR 1.67 instead of writing off 2.8 units.
MD-000020,HAM01,AR00244,2026-07-03,2026-07-04,7,3.137,0.266,2.871,50,1.53,1.65,2.56,EUR,1,OPEN,3 units on hand against 0.3 expected to sell in the 7h left. A 50% markdown lifts expected sales to 1.3 units and recovers EUR 1.53 instead of writing off 2.9 units.
MD-000021,BLN01,AR00095,2026-07-03,2026-07-07,59,5.605,0.226,5.379,50,1.35,1.45,2.26,EUR,1,OPEN,6 units on hand against 0.2 expected to sell in the 59h left. A 50% markdown lifts expected sales to 1.1 units and recovers EUR 1.35 instead of writing off 5.4 units.
MD-000022,WDF01,AR00095,2026-07-03,2026-07-07,81,5.377,0.22,5.157,50,1.32,1.41,2.19,EUR,1,OPEN,5 units on hand against 0.2 expected to sell in the 81h left. A 50% markdown lifts expected sales to 1.1 units and recovers EUR 1.32 instead of writing off 5.2 units.
MD-000023,HAM01,AR00166,2026-07-03,2026-07-05,22,5.047,0.151,4.896,50,1.32,1.4,2.19,EUR,1,OPEN,5 units on hand against 0.2 expected to sell in the 22h left. A 50% markdown lifts expected sales to 0.7 units and recovers EUR 1.32 instead of writing off 4.9 units.
MD-000024,WDF01,AR00157,2026-07-03,2026-07-05,33,5.995,0.149,5.846,50,1.31,1.38,2.16,EUR,1,OPEN,6 units on hand against 0.1 expected to sell in the 33h left. A 50% markdown lifts expected sales to 0.7 units and recovers EUR 1.31 instead of writing off 5.8 units.
MD-000025,WDF01,AR00160,2026-07-03,2026-07-05,33,5.828,0.149,5.679,50,1.31,1.38,2.15,EUR,1,OPEN,6 units on hand against 0.1 expected to sell in the 33h left. A 50% markdown lifts expected sales to 0.7 units and recovers EUR 1.31 instead of writing off 5.7 units.
MD-000026,HAM01,AR00242,2026-07-03,2026-07-04,7,5.644,0.221,5.423,50,1.27,1.37,2.12,EUR,1,OPEN,6 units on hand against 0.2 expected to sell in the 7h left. A 50% markdown lifts expected sales to 1.1 units and recovers EUR 1.27 instead of writing off 5.4 units.
MD-000027,BLN01,AR00071,2026-07-03,2026-07-05,25,7.988,0.208,7.78,50,1.39,1.28,2.1,EUR,1,OPEN,8 units on hand against 0.2 expected to sell in the 25h left. A 50% markdown lifts expected sales to 1 units and recovers EUR 1.39 instead of writing off 7.8 units.
MD-000028,HAM01,AR00188,2026-07-03,2026-07-04,7,7.104,0.322,6.782,50,1.33,1.27,2.06,EUR,1,OPEN,7 units on hand against 0.3 expected to sell in the 7h left. A 50% markdown lifts expected sales to 1.6 units and recovers EUR 1.33 instead of writing off 6.8 units.
MD-000029,BLN01,AR00241,2026-07-03,2026-07-04,8,5.388,0.207,5.181,50,1.19,1.28,1.99,EUR,1,OPEN,5 units on hand against 0.2 expected to sell in the 8h left. A 50% markdown lifts expected sales to 1 units and recovers EUR 1.19 instead of writing off 5.2 units.
MD-000030,BLN01,AR00159,2026-07-03,2026-07-05,25,5.352,0.136,5.216,50,1.19,1.25,1.96,EUR,1,OPEN,5 units on hand against 0.1 expected to sell in the 25h left. A 50% markdown lifts expected sales to 0.7 units and recovers EUR 1.19 instead of writing off 5.2 units.
MD-000031,BLN01,AR00163,2026-07-03,2026-07-05,25,5.18,0.128,5.052,50,1.12,1.18,1.84,EUR,1,OPEN,5 units on hand against 0.1 expected to sell in the 25h left. A 50% markdown lifts expected sales to 0.6 units and recovers EUR 1.12 instead of writing off 5.1 units.
MD-000032,WDF01,AR00159,2026-07-03,2026-07-05,33,5.94,0.127,5.813,50,1.11,1.17,1.83,EUR,1,OPEN,6 units on hand against 0.1 expected to sell in the 33h left. A 50% markdown lifts expected sales to 0.6 units and recovers EUR 1.11 instead of writing off 5.8 units.
MD-000033,MUC01,AR00163,2026-07-03,2026-07-05,33,5.199,0.12,5.079,50,1.05,1.1,1.73,EUR,1,OPEN,5 units on hand against 0.1 expected to sell in the 33h left. A 50% markdown lifts expected sales to 0.6 units and recovers EUR 1.05 instead of writing off 5.1 units.
MD-000034,WDF01,AR00158,2026-07-03,2026-07-05,33,5.381,0.112,5.269,50,0.98,1.04,1.62,EUR,1,OPEN,5 units on hand against 0.1 expected to sell in the 33h left. A 50% markdown lifts expected sales to 0.6 units and recovers EUR 0.98 instead of writing off 5.3 units.
MD-000035,MUC01,AR00157,2026-07-03,2026-07-05,33,5.397,0.112,5.285,50,0.98,1.04,1.62,EUR,1,OPEN,5 units on hand against 0.1 expected to sell in the 33h left. A 50% markdown lifts expected sales to 0.6 units and recovers EUR 0.98 instead of writing off 5.3 units.
MD-000036,HAM01,AR00005,2026-07-03,2026-07-05,22,7.248,0.438,6.81,50,1.01,1.02,1.62,EUR,1,OPEN,7 units on hand against 0.4 expected to sell in the 22h left. A 50% markdown lifts expected sales to 2.2 units and recovers EUR 1.01 instead of writing off 6.8 units.
MD-000037,BLN01,AR00158,2026-07-03,2026-07-05,25,5.179,0.112,5.067,50,0.98,1.03,1.61,EUR,1,OPEN,5 units on hand against 0.1 expected to sell in the 25h left. A 50% markdown lifts expected sales to 0.6 units and recovers EUR 0.98 instead of writing off 5.1 units.
MD-000038,WDF01,AR00071,2026-07-03,2026-07-05,33,7.105,0.157,6.948,50,1.05,0.97,1.59,EUR,1,OPEN,7 units on hand against 0.2 expected to sell in the 33h left. A 50% markdown lifts expected sales to 0.8 units and recovers EUR 1.05 instead of writing off 6.9 units.
MD-000039,BLN01,AR00244,2026-07-03,2026-07-04,8,3.764,0.159,3.605,50,0.91,0.98,1.52,EUR,1,OPEN,4 units on hand against 0.2 expected to sell in the 8h left. A 50% markdown lifts expected sales to 0.8 units and recovers EUR 0.91 instead of writing off 3.6 units.
MD-000040,WDF01,AR00163,2026-07-03,2026-07-05,33,5.167,0.105,5.062,50,0.91,0.97,1.51,EUR,1,OPEN,5 units on hand against 0.1 expected to sell in the 33h left. A 50% markdown lifts expected sales to 0.5 units and recovers EUR 0.91 instead of writing off 5.1 units.
MD-000041,STR01,AR00095,2026-07-03,2026-07-07,81,5.671,0.147,5.524,50,0.88,0.94,1.46,EUR,1,OPEN,6 units on hand against 0.1 expected to sell in the 81h left. A 50% markdown lifts expected sales to 0.7 units and recovers EUR 0.88 instead of writing off 5.5 units.
MD-000042,BLN01,AR00188,2026-07-03,2026-07-04,8,7.565,0.228,7.337,50,0.94,0.9,1.46,EUR,1,OPEN,8 units on hand against 0.2 expected to sell in the 8h left. A 50% markdown lifts expected sales to 1.1 units and recovers EUR 0.94 instead of writing off 7.3 units.
MD-000043,BLN01,AR00240,2026-07-03,2026-07-04,8,5.749,0.192,5.557,50,0.84,0.92,1.42,EUR,1,OPEN,6 units on hand against 0.2 expected to sell in the 8h left. A 50% markdown lifts expected sales to 0.9 units and recovers EUR 0.84 instead of writing off 5.6 units.
MD-000044,BLN01,AR00243,2026-07-03,2026-07-04,8,5.765,0.146,5.619,50,0.84,0.9,1.4,EUR,1,OPEN,6 units on hand against 0.1 expected to sell in the 8h left. A 50% markdown lifts expected sales to 0.7 units and recovers EUR 0.84 instead of writing off 5.6 units.
MD-000045,BLN01,AR00005,2026-07-03,2026-07-05,25,7.763,0.376,7.387,50,0.86,0.87,1.39,EUR,1,OPEN,8 units on hand against 0.4 expected to sell in the 25h left. A 50% markdown lifts expected sales to 1.8 units and recovers EUR 0.86 instead of writing off 7.4 units.
MD-000046,BLN01,AR00166,2026-07-03,2026-07-05,25,5.849,0.096,5.753,50,0.84,0.89,1.38,EUR,1,OPEN,6 units on hand against 0.1 expected to sell in the 25h left. A 50% markdown lifts expected sales to 0.5 units and recovers EUR 0.84 instead of writing off 5.8 units.
MD-000047,WDF01,AR00241,2026-07-03,2026-07-04,9,5.482,0.139,5.343,50,0.8,0.86,1.33,EUR,1,OPEN,5 units on hand against 0.1 expected to sell in the 9h left. A 50% markdown lifts expected sales to 0.7 units and recovers EUR 0.8 instead of writing off 5.3 units.
MD-000048,WDF01,AR00166,2026-07-03,2026-07-05,33,5.816,0.09,5.726,50,0.78,0.83,1.29,EUR,1,OPEN,6 units on hand against 0.1 expected to sell in the 33h left. A 50% markdown lifts expected sales to 0.4 units and recovers EUR 0.78 instead of writing off 5.7 units.
MD-000049,WDF01,AR00164,2026-07-03,2026-07-05,33,4.326,0.09,4.236,50,0.78,0.83,1.29,EUR,1,OPEN,4 units on hand against 0.1 expected to sell in the 33h left. A 50% markdown lifts expected sales to 0.4 units and recovers EUR 0.78 instead of writing off 4.2 units.
MD-000050,HAM01,AR00135,2026-07-03,2026-07-05,22,5.748,0.096,5.652,50,0.77,0.82,1.27,EUR,1,OPEN,6 units on hand against 0.1 expected to sell in the 22h left. A 50% markdown lifts expected sales to 0.5 units and recovers EUR 0.77 instead of writing off 5.7 units.
MD-000051,MUC01,AR00071,2026-07-03,2026-07-05,33,7.534,0.12,7.414,50,0.8,0.74,1.21,EUR,1,OPEN,8 units on hand against 0.1 expected to sell in the 33h left. A 50% markdown lifts expected sales to 0.6 units and recovers EUR 0.8 instead of writing off 7.4 units.
MD-000052,WDF01,AR00161,2026-07-03,2026-07-05,33,5.999,0.082,5.917,50,0.72,0.76,1.19,EUR,1,OPEN,6 units on hand against 0.1 expected to sell in the 33h left. A 50% markdown lifts expected sales to 0.4 units and recovers EUR 0.72 instead of writing off 5.9 units.
MD-000053,MUC01,AR00159,2026-07-03,2026-07-05,33,5.342,0.082,5.26,50,0.72,0.76,1.19,EUR,1,OPEN,5 units on hand against 0.1 expected to sell in the 33h left. A 50% markdown lifts expected sales to 0.4 units and recovers EUR 0.72 instead of writing off 5.3 units.
MD-000054,MUC01,AR00161,2026-07-03,2026-07-05,33,5.711,0.082,5.629,50,0.72,0.76,1.19,EUR,1,OPEN,6 units on hand against 0.1 expected to sell in the 33h left. A 50% markdown lifts expected sales to 0.4 units and recovers EUR 0.72 instead of writing off 5.6 units.
MD-000055,HAM01,AR00006,2026-07-03,2026-07-05,22,6.773,0.183,6.59,50,0.76,0.72,1.18,EUR,1,OPEN,7 units on hand against 0.2 expected to sell in the 22h left. A 50% markdown lifts expected sales to 0.9 units and recovers EUR 0.76 instead of writing off 6.6 units.
MD-000056,WDF01,AR00188,2026-07-03,2026-07-04,9,7.065,0.171,6.894,50,0.71,0.67,1.1,EUR,1,OPEN,7 units on hand against 0.2 expected to sell in the 9h left. A 50% markdown lifts expected sales to 0.8 units and recovers EUR 0.71 instead of writing off 6.9 units.
MD-000057,STR01,AR00158,2026-07-03,2026-07-05,33,5.438,0.075,5.363,50,0.65,0.69,1.08,EUR,1,OPEN,5 units on hand against 0.1 expected to sell in the 33h left. A 50% markdown lifts expected sales to 0.4 units and recovers EUR 0.65 instead of writing off 5.4 units.
MD-000058,WDF01,AR00244,2026-07-03,2026-07-04,9,3.766,0.104,3.662,50,0.6,0.64,1,EUR,1,OPEN,4 units on hand against 0.1 expected to sell in the 9h left. A 50% markdown lifts expected sales to 0.5 units and recovers EUR 0.6 instead of writing off 3.7 units.
MD-000059,BLN01,AR00242,2026-07-03,2026-07-04,8,5.203,0.102,5.101,50,0.59,0.63,0.98,EUR,1,OPEN,5 units on hand against 0.1 expected to sell in the 8h left. A 50% markdown lifts expected sales to 0.5 units and recovers EUR 0.59 instead of writing off 5.1 units.
MD-000060,MUC01,AR00160,2026-07-03,2026-07-05,33,5.705,0.067,5.638,50,0.59,0.62,0.97,EUR,1,OPEN,6 units on hand against 0.1 expected to sell in the 33h left. A 50% markdown lifts expected sales to 0.3 units and recovers EUR 0.59 instead of writing off 5.6 units.
MD-000061,MUC01,AR00164,2026-07-03,2026-07-05,33,4.57,0.067,4.503,50,0.59,0.62,0.97,EUR,1,OPEN,5 units on hand against 0.1 expected to sell in the 33h left. A 50% markdown lifts expected sales to 0.3 units and recovers EUR 0.59 instead of writing off 4.5 units.
MD-000062,WDF01,AR00243,2026-07-03,2026-07-04,9,5.113,0.1,5.013,50,0.58,0.62,0.96,EUR,1,OPEN,5 units on hand against 0.1 expected to sell in the 9h left. A 50% markdown lifts expected sales to 0.5 units and recovers EUR 0.58 instead of writing off 5 units.
MD-000063,HAM01,AR00109,2026-07-03,2026-07-05,22,7.299,0.136,7.163,50,0.62,0.59,0.96,EUR,1,OPEN,7 units on hand against 0.1 expected to sell in the 22h left. A 50% markdown lifts expected sales to 0.7 units and recovers EUR 0.62 instead of writing off 7.2 units.
MD-000064,WDF01,AR00240,2026-07-03,2026-07-04,9,5.339,0.126,5.213,50,0.55,0.6,0.93,EUR,1,OPEN,5 units on hand against 0.1 expected to sell in the 9h left. A 50% markdown lifts expected sales to 0.6 units and recovers EUR 0.55 instead of writing off 5.2 units.
MD-000065,HAM01,AR00013,2026-07-03,2026-07-04,7,7.352,0.142,7.21,50,0.59,0.56,0.91,EUR,1,OPEN,7 units on hand against 0.1 expected to sell in the 7h left. A 50% markdown lifts expected sales to 0.7 units and recovers EUR 0.59 instead of writing off 7.2 units.
MD-000066,STR01,AR00157,2026-07-03,2026-07-05,33,5.299,0.06,5.239,50,0.52,0.55,0.86,EUR,1,OPEN,5 units on hand against 0.1 expected to sell in the 33h left. A 50% markdown lifts expected sales to 0.3 units and recovers EUR 0.52 instead of writing off 5.2 units.
MD-000067,STR01,AR00159,2026-07-03,2026-07-05,33,5.426,0.06,5.366,50,0.52,0.55,0.86,EUR,1,OPEN,5 units on hand against 0.1 expected to sell in the 33h left. A 50% markdown lifts expected sales to 0.3 units and recovers EUR 0.52 instead of writing off 5.4 units.
MD-000068,WDF01,AR00005,2026-07-03,2026-07-05,33,7.515,0.232,7.283,50,0.53,0.54,0.85,EUR,1,OPEN,8 units on hand against 0.2 expected to sell in the 33h left. A 50% markdown lifts expected sales to 1.1 units and recovers EUR 0.53 instead of writing off 7.3 units.
MD-000069,HAM01,AR00193,2026-07-03,2026-07-04,7,7.369,0.162,7.207,50,0.52,0.51,0.82,EUR,1,OPEN,7 units on hand against 0.2 expected to sell in the 7h left. A 50% markdown lifts expected sales to 0.8 units and recovers EUR 0.52 instead of writing off 7.2 units.
MD-000070,WDF01,AR00006,2026-07-03,2026-07-05,33,7.117,0.127,6.99,50,0.53,0.5,0.81,EUR,1,OPEN,7 units on hand against 0.1 expected to sell in the 33h left. A 50% markdown lifts expected sales to 0.6 units and recovers EUR 0.53 instead of writing off 7 units.
MD-000071,BLN01,AR00006,2026-07-03,2026-07-05,25,7.978,0.12,7.858,50,0.5,0.47,0.77,EUR,1,OPEN,8 units on hand against 0.1 expected to sell in the 25h left. A 50% markdown lifts expected sales to 0.6 units and recovers EUR 0.5 instead of writing off 7.9 units.
MD-000072,HAM01,AR00189,2026-07-03,2026-07-04,7,7.257,0.099,7.158,50,0.5,0.47,0.77,EUR,1,OPEN,7 units on hand against 0.1 expected to sell in the 7h left. A 50% markdown lifts expected sales to 0.5 units and recovers EUR 0.5 instead of writing off 7.2 units.
MD-000073,STR01,AR00163,2026-07-03,2026-07-05,33,5.593,0.052,5.541,50,0.46,0.48,0.75,EUR,1,OPEN,6 units on hand against 0.1 expected to sell in the 33h left. A 50% markdown lifts expected sales to 0.3 units and recovers EUR 0.46 instead of writing off 5.5 units.
MD-000074,MUC01,AR00158,2026-07-03,2026-07-05,33,5.821,0.052,5.769,50,0.46,0.48,0.75,EUR,1,OPEN,6 units on hand against 0.1 expected to sell in the 33h left. A 50% markdown lifts expected sales to 0.3 units and recovers EUR 0.46 instead of writing off 5.8 units.
MD-000075,BLN01,AR00109,2026-07-03,2026-07-05,25,7.691,0.104,7.587,50,0.48,0.45,0.74,EUR,1,OPEN,8 units on hand against 0.1 expected to sell in the 25h left. A 50% markdown lifts expected sales to 0.5 units and recovers EUR 0.48 instead of writing off 7.6 units.
MD-000076,MUC01,AR00241,2026-07-03,2026-07-04,9,5.394,0.075,5.319,50,0.43,0.47,0.72,EUR,1,OPEN,5 units on hand against 0.1 expected to sell in the 9h left. A 50% markdown lifts expected sales to 0.4 units and recovers EUR 0.43 instead of writing off 5.3 units.
MD-000077,MUC01,AR00006,2026-07-03,2026-07-05,33,7.658,0.112,7.546,50,0.46,0.44,0.72,EUR,1,OPEN,8 units on hand against 0.1 expected to sell in the 33h left. A 50% markdown lifts expected sales to 0.6 units and recovers EUR 0.46 instead of writing off 7.5 units.
MD-000078,BLN01,AR00189,2026-07-03,2026-07-04,8,7.592,0.09,7.502,50,0.45,0.43,0.7,EUR,1,OPEN,8 units on hand against 0.1 expected to sell in the 8h left. A 50% markdown lifts expected sales to 0.4 units and recovers EUR 0.45 instead of writing off 7.5 units.
MD-000079,BLN01,AR00031,2026-07-03,2026-07-04,8,7.771,0.128,7.643,50,0.44,0.43,0.69,EUR,1,OPEN,8 units on hand against 0.1 expected to sell in the 8h left. A 50% markdown lifts expected sales to 0.6 units and recovers EUR 0.44 instead of writing off 7.6 units.
MD-000080,BLN01,AR00013,2026-07-03,2026-07-04,8,7.733,0.107,7.626,50,0.44,0.42,0.69,EUR,1,OPEN,8 units on hand against 0.1 expected to sell in the 8h left. A 50% markdown lifts expected sales to 0.5 units and recovers EUR 0.44 instead of writing off 7.6 units.
MD-000081,MUC01,AR00240,2026-07-03,2026-07-04,9,5.659,0.094,5.565,50,0.41,0.45,0.69,EUR,1,OPEN,6 units on hand against 0.1 expected to sell in the 9h left. A 50% markdown lifts expected sales to 0.5 units and recovers EUR 0.41 instead of writing off 5.6 units.
MD-000082,STR01,AR00071,2026-07-03,2026-07-05,33,7.163,0.067,7.096,50,0.45,0.41,0.68,EUR,1,OPEN,7 units on hand against 0.1 expected to sell in the 33h left. A 50% markdown lifts expected sales to 0.3 units and recovers EUR 0.45 instead of writing off 7.1 units.
MD-000083,MUC01,AR00188,2026-07-03,2026-07-04,9,7.246,0.106,7.14,50,0.44,0.42,0.68,EUR,1,OPEN,7 units on hand against 0.1 expected to sell in the 9h left. A 50% markdown lifts expected sales to 0.5 units and recovers EUR 0.44 instead of writing off 7.1 units.
MD-000084,WDF01,AR00242,2026-07-03,2026-07-04,9,5.814,0.067,5.747,50,0.39,0.42,0.65,EUR,1,OPEN,6 units on hand against 0.1 expected to sell in the 9h left. A 50% markdown lifts expected sales to 0.3 units and recovers EUR 0.39 instead of writing off 5.7 units.
MD-000085,STR01,AR00164,2026-07-03,2026-07-05,33,3.636,0.045,3.591,50,0.39,0.41,0.65,EUR,1,OPEN,4 units on hand against 0 expected to sell in the 33h left. A 50% markdown lifts expected sales to 0.2 units and recovers EUR 0.39 instead of writing off 3.6 units.
MD-000086,MUC01,AR00166,2026-07-03,2026-07-05,33,5.69,0.045,5.645,50,0.39,0.41,0.65,EUR,1,OPEN,6 units on hand against 0 expected to sell in the 33h left. A 50% markdown lifts expected sales to 0.2 units and recovers EUR 0.39 instead of writing off 5.6 units.
MD-000087,WDF01,AR00109,2026-07-03,2026-07-05,33,7.498,0.09,7.408,50,0.41,0.39,0.64,EUR,1,OPEN,7 units on hand against 0.1 expected to sell in the 33h left. A 50% markdown lifts expected sales to 0.4 units and recovers EUR 0.41 instead of writing off 7.4 units.
MD-000088,HAM01,AR00031,2026-07-03,2026-07-04,7,6.679,0.117,6.562,50,0.4,0.39,0.63,EUR,1,OPEN,7 units on hand against 0.1 expected to sell in the 7h left. A 50% markdown lifts expected sales to 0.6 units and recovers EUR 0.4 instead of writing off 6.6 units.
MD-000089,MUC01,AR00243,2026-07-03,2026-07-04,9,5.548,0.063,5.485,50,0.36,0.39,0.61,EUR,1,OPEN,6 units on hand against 0.1 expected to sell in the 9h left. A 50% markdown lifts expected sales to 0.3 units and recovers EUR 0.36 instead of writing off 5.5 units.
MD-000090,MUC01,AR00005,2026-07-03,2026-07-05,33,7.426,0.164,7.262,50,0.38,0.38,0.61,EUR,1,OPEN,7 units on hand against 0.2 expected to sell in the 33h left. A 50% markdown lifts expected sales to 0.8 units and recovers EUR 0.38 instead of writing off 7.3 units.
MD-000091,MUC01,AR00244,2026-07-03,2026-07-04,9,4.085,0.061,4.024,50,0.35,0.38,0.59,EUR,1,OPEN,4 units on hand against 0.1 expected to sell in the 9h left. A 50% markdown lifts expected sales to 0.3 units and recovers EUR 0.35 instead of writing off 4 units.
MD-000092,MUC01,AR00108,2026-07-03,2026-07-05,33,7.263,0.052,7.211,50,0.36,0.33,0.55,EUR,1,OPEN,7 units on hand against 0.1 expected to sell in the 33h left. A 50% markdown lifts expected sales to 0.3 units and recovers EUR 0.36 instead of writing off 7.2 units.
MD-000093,STR01,AR00160,2026-07-03,2026-07-05,33,5.265,0.037,5.228,50,0.33,0.34,0.54,EUR,1,OPEN,5 units on hand against 0 expected to sell in the 33h left. A 50% markdown lifts expected sales to 0.2 units and recovers EUR 0.33 instead of writing off 5.2 units.
MD-000094,STR01,AR00166,2026-07-03,2026-07-05,33,5.706,0.037,5.669,50,0.33,0.35,0.54,EUR,1,OPEN,6 units on hand against 0 expected to sell in the 33h left. A 50% markdown lifts expected sales to 0.2 units and recovers EUR 0.33 instead of writing off 5.7 units.
MD-000095,HAM01,AR00194,2026-07-03,2026-07-04,7,7.552,0.084,7.468,50,0.35,0.33,0.54,EUR,1,OPEN,8 units on hand against 0.1 expected to sell in the 7h left. A 50% markdown lifts expected sales to 0.4 units and recovers EUR 0.35 instead of writing off 7.5 units.
MD-000096,HAM01,AR00190,2026-07-03,2026-07-04,7,5.457,0.096,5.361,50,0.33,0.32,0.52,EUR,1,OPEN,5 units on hand against 0.1 expected to sell in the 7h left. A 50% markdown lifts expected sales to 0.5 units and recovers EUR 0.33 instead of writing off 5.4 units.
MD-000097,STR01,AR00241,2026-07-03,2026-07-04,9,5.457,0.053,5.404,50,0.31,0.33,0.51,EUR,1,OPEN,5 units on hand against 0.1 expected to sell in the 9h left. A 50% markdown lifts expected sales to 0.3 units and recovers EUR 0.31 instead of writing off 5.4 units.
MD-000098,BLN01,AR00193,2026-07-03,2026-07-04,8,7.405,0.1,7.305,50,0.32,0.31,0.5,EUR,1,OPEN,7 units on hand against 0.1 expected to sell in the 8h left. A 50% markdown lifts expected sales to 0.5 units and recovers EUR 0.32 instead of writing off 7.3 units.
MD-000099,MUC01,AR00135,2026-07-03,2026-07-05,33,5.376,0.037,5.339,50,0.3,0.32,0.5,EUR,1,OPEN,5 units on hand against 0 expected to sell in the 33h left. A 50% markdown lifts expected sales to 0.2 units and recovers EUR 0.3 instead of writing off 5.3 units.
MD-000100,MUC01,AR00242,2026-07-03,2026-07-04,9,5.149,0.051,5.098,50,0.29,0.32,0.49,EUR,1,OPEN,5 units on hand against 0.1 expected to sell in the 9h left. A 50% markdown lifts expected sales to 0.3 units and recovers EUR 0.29 instead of writing off 5.1 units.
MD-000101,STR01,AR00244,2026-07-03,2026-07-04,9,4.019,0.047,3.972,50,0.27,0.29,0.45,EUR,1,OPEN,4 units on hand against 0 expected to sell in the 9h left. A 50% markdown lifts expected sales to 0.2 units and recovers EUR 0.27 instead of writing off 4 units.
MD-000102,WDF01,AR00189,2026-07-03,2026-07-04,9,7.272,0.055,7.217,50,0.28,0.26,0.43,EUR,1,OPEN,7 units on hand against 0.1 expected to sell in the 9h left. A 50% markdown lifts expected sales to 0.3 units and recovers EUR 0.28 instead of writing off 7.2 units.
MD-000103,STR01,AR00188,2026-07-03,2026-07-04,9,7.75,0.067,7.683,50,0.28,0.27,0.43,EUR,1,OPEN,8 units on hand against 0.1 expected to sell in the 9h left. A 50% markdown lifts expected sales to 0.3 units and recovers EUR 0.28 instead of writing off 7.7 units.
MD-000104,STR01,AR00240,2026-07-03,2026-07-04,9,5.454,0.055,5.399,50,0.24,0.26,0.41,EUR,1,OPEN,5 units on hand against 0.1 expected to sell in the 9h left. A 50% markdown lifts expected sales to 0.3 units and recovers EUR 0.24 instead of writing off 5.4 units.
MD-000105,WDF01,AR00013,2026-07-03,2026-07-04,9,7.663,0.063,7.6,50,0.26,0.25,0.4,EUR,1,OPEN,8 units on hand against 0.1 expected to sell in the 9h left. A 50% markdown lifts expected sales to 0.3 units and recovers EUR 0.26 instead of writing off 7.6 units.
MD-000106,BLN01,AR00194,2026-07-03,2026-07-04,8,7.643,0.061,7.582,50,0.25,0.24,0.39,EUR,1,OPEN,8 units on hand against 0.1 expected to sell in the 8h left. A 50% markdown lifts expected sales to 0.3 units and recovers EUR 0.25 instead of writing off 7.6 units.
MD-000107,WDF01,AR00031,2026-07-03,2026-07-04,9,7.667,0.071,7.596,50,0.25,0.24,0.38,EUR,1,OPEN,8 units on hand against 0.1 expected to sell in the 9h left. A 50% markdown lifts expected sales to 0.4 units and recovers EUR 0.25 instead of writing off 7.6 units.
MD-000108,HAM01,AR00204,2026-07-03,2026-07-04,7,7.502,0.058,7.444,50,0.24,0.23,0.37,EUR,1,OPEN,8 units on hand against 0.1 expected to sell in the 7h left. A 50% markdown lifts expected sales to 0.3 units and recovers EUR 0.24 instead of writing off 7.4 units.
MD-000109,WDF01,AR00193,2026-07-03,2026-07-04,9,7.143,0.071,7.072,50,0.23,0.22,0.36,EUR,1,OPEN,7 units on hand against 0.1 expected to sell in the 9h left. A 50% markdown lifts expected sales to 0.4 units and recovers EUR 0.23 instead of writing off 7.1 units.
MD-000110,STR01,AR00005,2026-07-03,2026-07-05,33,7.79,0.097,7.693,50,0.22,0.23,0.36,EUR,1,OPEN,8 units on hand against 0.1 expected to sell in the 33h left. A 50% markdown lifts expected sales to 0.5 units and recovers EUR 0.22 instead of writing off 7.7 units.
MD-000111,HAM01,AR00203,2026-07-03,2026-07-04,7,7.115,0.041,7.074,50,0.23,0.22,0.36,EUR,1,OPEN,7 units on hand against 0 expected to sell in the 7h left. A 50% markdown lifts expected sales to 0.2 units and recovers EUR 0.23 instead of writing off 7.1 units.
MD-000112,WDF02,AR00005,2026-07-03,2026-07-05,19,6.773,0.081,6.692,50,0.19,0.19,0.3,EUR,1,OPEN,7 units on hand against 0.1 expected to sell in the 19h left. A 50% markdown lifts expected sales to 0.4 units and recovers EUR 0.19 instead of writing off 6.7 units.
MD-000113,BLN01,AR00190,2026-07-03,2026-07-04,8,6.463,0.056,6.407,50,0.19,0.19,0.3,EUR,1,OPEN,6 units on hand against 0.1 expected to sell in the 8h left. A 50% markdown lifts expected sales to 0.3 units and recovers EUR 0.19 instead of writing off 6.4 units.
MD-000114,STR01,AR00243,2026-07-03,2026-07-04,9,5.231,0.031,5.2,50,0.18,0.19,0.29,EUR,1,OPEN,5 units on hand against 0 expected to sell in the 9h left. A 50% markdown lifts expected sales to 0.2 units and recovers EUR 0.18 instead of writing off 5.2 units.
MD-000115,BLN01,AR00204,2026-07-03,2026-07-04,8,7.341,0.046,7.295,50,0.19,0.18,0.29,EUR,1,OPEN,7 units on hand against 0 expected to sell in the 8h left. A 50% markdown lifts expected sales to 0.2 units and recovers EUR 0.19 instead of writing off 7.3 units.
MD-000116,WDF01,AR00194,2026-07-03,2026-07-04,9,7.611,0.043,7.568,50,0.18,0.17,0.27,EUR,1,OPEN,8 units on hand against 0 expected to sell in the 9h left. A 50% markdown lifts expected sales to 0.2 units and recovers EUR 0.18 instead of writing off 7.6 units.
MD-000117,BLN01,AR00203,2026-07-03,2026-07-04,8,7.831,0.031,7.8,50,0.18,0.16,0.27,EUR,1,OPEN,8 units on hand against 0 expected to sell in the 8h left. A 50% markdown lifts expected sales to 0.2 units and recovers EUR 0.18 instead of writing off 7.8 units.
MD-000118,STR01,AR00109,2026-07-03,2026-07-05,33,7.781,0.037,7.744,50,0.17,0.16,0.26,EUR,1,OPEN,8 units on hand against 0 expected to sell in the 33h left. A 50% markdown lifts expected sales to 0.2 units and recovers EUR 0.17 instead of writing off 7.7 units.
MD-000119,WDF01,AR00190,2026-07-03,2026-07-04,9,5.181,0.047,5.134,50,0.16,0.16,0.25,EUR,1,OPEN,5 units on hand against 0 expected to sell in the 9h left. A 50% markdown lifts expected sales to 0.2 units and recovers EUR 0.16 instead of writing off 5.1 units.
MD-000120,WDF01,AR00203,2026-07-03,2026-07-04,9,7.804,0.029,7.775,50,0.16,0.15,0.25,EUR,1,OPEN,8 units on hand against 0 expected to sell in the 9h left. A 50% markdown lifts expected sales to 0.1 units and recovers EUR 0.16 instead of writing off 7.8 units.
MD-000121,MUC01,AR00031,2026-07-03,2026-07-04,9,7.464,0.043,7.421,50,0.15,0.14,0.23,EUR,1,OPEN,7 units on hand against 0 expected to sell in the 9h left. A 50% markdown lifts expected sales to 0.2 units and recovers EUR 0.15 instead of writing off 7.4 units.
MD-000122,STR01,AR00189,2026-07-03,2026-07-04,9,7.169,0.029,7.14,50,0.14,0.14,0.22,EUR,1,OPEN,7 units on hand against 0 expected to sell in the 9h left. A 50% markdown lifts expected sales to 0.1 units and recovers EUR 0.14 instead of writing off 7.1 units.
MD-000123,MUC01,AR00193,2026-07-03,2026-07-04,9,7.791,0.043,7.748,50,0.14,0.13,0.22,EUR,1,OPEN,8 units on hand against 0 expected to sell in the 9h left. A 50% markdown lifts expected sales to 0.2 units and recovers EUR 0.14 instead of writing off 7.7 units.
MD-000124,WDF02,AR00241,2026-07-03,2026-07-04,5,5.66,0.019,5.641,50,0.11,0.12,0.19,EUR,1,OPEN,6 units on hand against 0 expected to sell in the 5h left. A 50% markdown lifts expected sales to 0.1 units and recovers EUR 0.11 instead of writing off 5.6 units.
MD-000125,MUC01,AR00189,2026-07-03,2026-07-04,9,7.242,0.024,7.218,50,0.12,0.12,0.19,EUR,1,OPEN,7 units on hand against 0 expected to sell in the 9h left. A 50% markdown lifts expected sales to 0.1 units and recovers EUR 0.12 instead of writing off 7.2 units.
MD-000126,MUC01,AR00013,2026-07-03,2026-07-04,9,7.548,0.026,7.522,50,0.11,0.1,0.17,EUR,1,OPEN,8 units on hand against 0 expected to sell in the 9h left. A 50% markdown lifts expected sales to 0.1 units and recovers EUR 0.11 instead of writing off 7.5 units.
MD-000127,MUC01,AR00194,2026-07-03,2026-07-04,9,7.599,0.026,7.573,50,0.11,0.1,0.17,EUR,1,OPEN,8 units on hand against 0 expected to sell in the 9h left. A 50% markdown lifts expected sales to 0.1 units and recovers EUR 0.11 instead of writing off 7.6 units.
MD-000128,STR01,AR00242,2026-07-03,2026-07-04,9,5.293,0.016,5.277,50,0.09,0.1,0.16,EUR,1,OPEN,5 units on hand against 0 expected to sell in the 9h left. A 50% markdown lifts expected sales to 0.1 units and recovers EUR 0.09 instead of writing off 5.3 units.
MD-000129,MUC01,AR00190,2026-07-03,2026-07-04,9,6.726,0.029,6.697,50,0.1,0.1,0.15,EUR,1,OPEN,7 units on hand against 0 expected to sell in the 9h left. A 50% markdown lifts expected sales to 0.1 units and recovers EUR 0.1 instead of writing off 6.7 units.
MD-000130,STR01,AR00193,2026-07-03,2026-07-04,9,7.886,0.029,7.857,50,0.09,0.09,0.14,EUR,1,OPEN,8 units on hand against 0 expected to sell in the 9h left. A 50% markdown lifts expected sales to 0.1 units and recovers EUR 0.09 instead of writing off 7.9 units.
MD-000131,MUC01,AR00203,2026-07-03,2026-07-04,9,7.556,0.016,7.54,50,0.09,0.09,0.14,EUR,1,OPEN,8 units on hand against 0 expected to sell in the 9h left. A 50% markdown lifts expected sales to 0.1 units and recovers EUR 0.09 instead of writing off 7.5 units.
MD-000132,WDF01,AR00204,2026-07-03,2026-07-04,9,7.33,0.02,7.31,50,0.08,0.08,0.13,EUR,1,OPEN,7 units on hand against 0 expected to sell in the 9h left. A 50% markdown lifts expected sales to 0.1 units and recovers EUR 0.08 instead of writing off 7.3 units.
MD-000133,WDF02,AR00242,2026-07-03,2026-07-04,5,5.144,0.014,5.13,50,0.08,0.08,0.13,EUR,1,OPEN,5 units on hand against 0 expected to sell in the 5h left. A 50% markdown lifts expected sales to 0.1 units and recovers EUR 0.08 instead of writing off 5.1 units.
MD-000134,WDF02,AR00188,2026-07-03,2026-07-04,5,7.851,0.019,7.832,50,0.08,0.08,0.12,EUR,1,OPEN,8 units on hand against 0 expected to sell in the 5h left. A 50% markdown lifts expected sales to 0.1 units and recovers EUR 0.08 instead of writing off 7.8 units.
MD-000135,STR01,AR00190,2026-07-03,2026-07-04,9,6.141,0.022,6.119,50,0.08,0.07,0.12,EUR,1,OPEN,6 units on hand against 0 expected to sell in the 9h left. A 50% markdown lifts expected sales to 0.1 units and recovers EUR 0.08 instead of writing off 6.1 units.
MD-000136,MUC01,AR00204,2026-07-03,2026-07-04,9,7.428,0.018,7.41,50,0.08,0.07,0.12,EUR,1,OPEN,7 units on hand against 0 expected to sell in the 9h left. A 50% markdown lifts expected sales to 0.1 units and recovers EUR 0.08 instead of writing off 7.4 units.
MD-000137,WDF02,AR00243,2026-07-03,2026-07-04,5,5.804,0.012,5.792,50,0.07,0.07,0.11,EUR,1,OPEN,6 units on hand against 0 expected to sell in the 5h left. A 50% markdown lifts expected sales to 0.1 units and recovers EUR 0.07 instead of writing off 5.8 units.
MD-000138,STR01,AR00031,2026-07-03,2026-07-04,9,7.117,0.02,7.097,50,0.07,0.07,0.11,EUR,1,OPEN,7 units on hand against 0 expected to sell in the 9h left. A 50% markdown lifts expected sales to 0.1 units and recovers EUR 0.07 instead of writing off 7.1 units.
MD-000139,STR01,AR00194,2026-07-03,2026-07-04,9,7.545,0.016,7.529,50,0.07,0.06,0.1,EUR,1,OPEN,8 units on hand against 0 expected to sell in the 9h left. A 50% markdown lifts expected sales to 0.1 units and recovers EUR 0.07 instead of writing off 7.5 units.
MD-000140,WDF02,AR00013,2026-07-03,2026-07-04,5,7.715,0.014,7.701,50,0.06,0.05,0.09,EUR,1,OPEN,8 units on hand against 0 expected to sell in the 5h left. A 50% markdown lifts expected sales to 0.1 units and recovers EUR 0.06 instead of writing off 7.7 units.
MD-000141,WDF02,AR00240,2026-07-03,2026-07-04,5,5.892,0.012,5.88,50,0.05,0.06,0.09,EUR,1,OPEN,6 units on hand against 0 expected to sell in the 5h left. A 50% markdown lifts expected sales to 0.1 units and recovers EUR 0.05 instead of writing off 5.9 units.
MD-000142,STR01,AR00203,2026-07-03,2026-07-04,9,7.278,0.01,7.268,50,0.06,0.05,0.09,EUR,1,OPEN,7 units on hand against 0 expected to sell in the 9h left. A 50% markdown lifts expected sales to 0.1 units and recovers EUR 0.06 instead of writing off 7.3 units.
MD-000143,WDF02,AR00190,2026-07-03,2026-07-04,5,6.741,0.016,6.725,50,0.05,0.05,0.08,EUR,1,OPEN,7 units on hand against 0 expected to sell in the 5h left. A 50% markdown lifts expected sales to 0.1 units and recovers EUR 0.05 instead of writing off 6.7 units.
MD-000144,WDF02,AR00189,2026-07-03,2026-07-04,5,7.756,0.01,7.746,50,0.05,0.05,0.08,EUR,1,OPEN,8 units on hand against 0 expected to sell in the 5h left. A 50% markdown lifts expected sales to 0 units and recovers EUR 0.05 instead of writing off 7.7 units.
MD-000145,STR01,AR00013,2026-07-03,2026-07-04,9,7.243,0.012,7.231,50,0.05,0.05,0.08,EUR,1,OPEN,7 units on hand against 0 expected to sell in the 9h left. A 50% markdown lifts expected sales to 0.1 units and recovers EUR 0.05 instead of writing off 7.2 units.
MD-000146,WDF02,AR00031,2026-07-03,2026-07-04,5,7.368,0.012,7.356,50,0.04,0.04,0.06,EUR,1,OPEN,7 units on hand against 0 expected to sell in the 5h left. A 50% markdown lifts expected sales to 0.1 units and recovers EUR 0.04 instead of writing off 7.4 units.
