ID,store_ID,scenario,title,narrative,severity,impactValue,confidence,detectedOn,sourceEntity,sourceId,recommendedAction,criticality,currency_code,state
IN-000001,WDF01,CHECKOUT_INTEGRITY,price error on Sunny Bites Banana Chips,"S.Mart Walldorf Campus: Cancelled value implies EUR 31.80 per unit but the master price is EUR 0.99 (factor 32.12). Cancellation rate 95.2% against a network baseline of 95.0% for this article (7 events, 20 units).",CRITICAL,635.94,0.95,2026-05-31,ShrinkAlerts,SA-000001,Reconcile the article master price with the electronic shelf label.,1,EUR,OPEN
IN-000002,WDF01,CHECKOUT_INTEGRITY,"tag absent on Leergut 0,25 EUR","S.Mart Walldorf Campus: Leergut 0,25 EUR is not RFID tagged but is being presented at an autonomous gate (508 cancellations, 508.0049999999996 units). Cancellation rate 35.6% against a network baseline of 15.5% for this article (508 events, 508.0049999999996 units). Counted stock runs 13.2% below book stock across 21 daily counts.",CRITICAL,126.9,0.95,2026-07-03,ShrinkAlerts,SA-000002,Add the article to the RFID tagging list or block it from the autonomous assortment.,1,EUR,OPEN
IN-000003,BLN01,COLD_CHAIN,Chiller cabinet - BLN01 at 9.6C,S.Mart Berlin Rosenthaler: unit held 9.6C against a target of 5C +/-3C for 120 minutes. Stock exposed is worth EUR 75.59.,HIGH,75.59,0.92,2026-07-03,ColdChainAlerts,CC-00001,"Check door seals and airflow, then re-read in one hour before moving stock.",1,EUR,OPEN
IN-000004,WDF01,CHECKOUT_INTEGRITY,price error on TOPVALU Joynuts Caramel Coffee,S.Mart Walldorf Campus: Cancelled value implies EUR 19.90 per unit but the master price is EUR 3.95 (factor 5.04).,CRITICAL,59.7,0.936,2026-06-07,ShrinkAlerts,SA-000003,Reconcile the article master price with the electronic shelf label.,1,EUR,OPEN
IN-000005,STR01,COLD_CHAIN,Chiller cabinet - STR01 at 10C,S.Mart St. Leon-Rot: unit held 10C against a target of 5C +/-3C for 60 minutes. Stock exposed is worth EUR 41.23.,HIGH,41.23,0.92,2026-06-30,ColdChainAlerts,CC-00002,"Check door seals and airflow, then re-read in one hour before moving stock.",1,EUR,OPEN
IN-000006,WDF01,COLD_CHAIN,Chiller cabinet - WDF01 at 13.2C,S.Mart Walldorf Campus: unit held 13.2C against a target of 5C +/-3C for 60 minutes. Stock exposed is worth EUR 39.74.,CRITICAL,39.74,0.92,2026-06-28,ColdChainAlerts,CC-00003,Move stock to a working cabinet and raise a service call - the unit is far outside band.,1,EUR,OPEN
IN-000007,MUC01,COLD_CHAIN,Chiller cabinet - MUC01 at 8.1C,S.Mart Munich Werksviertel: unit held 8.1C against a target of 5C +/-3C for 60 minutes. Stock exposed is worth EUR 38.08.,MEDIUM,38.08,0.92,2026-06-27,ColdChainAlerts,CC-00007,"Check door seals and airflow, then re-read in one hour before moving stock.",2,EUR,OPEN
IN-000008,WDF01,CHECKOUT_INTEGRITY,price error on Milk Chocolate Style Raisins,S.Mart Walldorf Campus: Cancelled value implies EUR 6.29 per unit but the master price is EUR 1.99 (factor 3.16).,CRITICAL,37.76,0.9,2026-03-24,ShrinkAlerts,SA-000018,Reconcile the article master price with the electronic shelf label.,1,EUR,OPEN
IN-000009,HAM01,COLD_CHAIN,Chiller cabinet - HAM01 at 11.1C,S.Mart Hamburg Hafencity: unit held 11.1C against a target of 5C +/-3C for 60 minutes. Stock exposed is worth EUR 36.7.,HIGH,36.7,0.92,2026-06-27,ColdChainAlerts,CC-00011,"Check door seals and airflow, then re-read in one hour before moving stock.",1,EUR,OPEN
IN-000010,WDF02,COLD_CHAIN,Chiller cabinet - WDF02 at 12.1C,S.Mart Walldorf WDF03: unit held 12.1C against a target of 5C +/-3C for 60 minutes. Stock exposed is worth EUR 33.59.,CRITICAL,33.59,0.92,2026-06-27,ColdChainAlerts,CC-00014,"Check door seals and airflow, then re-read in one hour before moving stock.",1,EUR,OPEN
IN-000011,WDF02,CHECKOUT_INTEGRITY,rfid misread on GO FRESH Sandw Käse,"S.Mart Walldorf WDF03: Cancellation rate 75.0% against a network baseline of 22.2% for this article (3 events, 6 units).",CRITICAL,22.8,0.916,2026-05-01,ShrinkAlerts,SA-000004,Re-tag the facing and run an RFID read test at the gate antenna.,1,EUR,OPEN
IN-000012,WDF02,CHECKOUT_INTEGRITY,rfid misread on GO FRESH Wrap Linse Falaf,"S.Mart Walldorf WDF03: Cancellation rate 75.0% against a network baseline of 23.4% for this article (3 events, 6 units). Counted stock runs 32.2% below book stock across 21 daily counts. GO FRESH Wrap Linse Falaf is not RFID tagged but is being presented at an autonomous gate (3 cancellations, 6 units).",CRITICAL,22.8,0.914,2026-03-27,ShrinkAlerts,SA-000005,Re-tag the facing and run an RFID read test at the gate antenna.,1,EUR,OPEN
IN-000013,WDF02,COLD_CHAIN,Freezer cabinet - WDF02 at -16.2C,S.Mart Walldorf WDF03: unit held -16.2C against a target of -18C +/-3C for 120 minutes. Stock exposed is worth EUR 21.37.,LOW,21.37,0.92,2026-06-27,ColdChainAlerts,CC-00015,"Check door seals and airflow, then re-read in one hour before moving stock.",3,EUR,OPEN
IN-000014,MUC01,REPLENISHMENT,Gaudenz Cuvée Rot Weingut Knipser runs out in 61.4h,"S.Mart Munich Werksviertel: 1 units/day expected, 9-day lead time from Nordic Trading AB (reliability 90.5%). Cover is 61.4h against a reorder point of 9 units. Order 7 units.",LOW,20.81,0.925,2026-07-03,ReplenishmentTasks,RP-000001,Raise a 7-unit order for delivery before cover runs out.,3,EUR,OPEN
IN-000015,WDF02,CHECKOUT_INTEGRITY,stock variance on Smothie Froosh  Strawberry 250ml,"S.Mart Walldorf WDF03: Counted stock runs 54.1% below book stock across 21 daily counts. Smothie Froosh  Strawberry 250ml is not RFID tagged but is being presented at an autonomous gate (5 cancellations, 8 units). Cancellation rate 80.0% against a network baseline of 60.9% for this article (5 events, 8 units).",CRITICAL,19.2,0.913,2026-06-16,ShrinkAlerts,SA-000006,Schedule a cycle count and check the shelf for concealed removals.,1,EUR,OPEN
IN-000016,STR01,CHECKOUT_INTEGRITY,rfid misread on HOMEMADE Breakfastcup 285g,"S.Mart St. Leon-Rot: Cancellation rate 15.4% against a network baseline of 4.5% for this article (3 events, 6 units). Counted stock runs 8.2% below book stock across 21 daily counts.",CRITICAL,18.6,0.912,2026-06-02,ShrinkAlerts,SA-000007,Re-tag the facing and run an RFID read test at the gate antenna.,1,EUR,OPEN
IN-000017,MUC01,CHECKOUT_INTEGRITY,stock variance on FUZE T PFIRSICH,"S.Mart Munich Werksviertel: Counted stock runs 44.7% below book stock across 21 daily counts. FUZE T PFIRSICH is not RFID tagged but is being presented at an autonomous gate (4 cancellations, 11 units). Cancellation rate 50.0% against a network baseline of 35.3% for this article (4 events, 11 units).",CRITICAL,18.7,0.907,2026-06-19,ShrinkAlerts,SA-000011,Schedule a cycle count and check the shelf for concealed removals.,1,EUR,OPEN
IN-000018,WDF02,CHECKOUT_INTEGRITY,rfid misread on BLACK FOREST ICE CREAM Schokolade 100ml,"S.Mart Walldorf WDF03: Cancellation rate 50.0% against a network baseline of 13.9% for this article (3 events, 7 units). Counted stock runs 13.1% below book stock across 21 daily counts.",CRITICAL,17.5,0.911,2026-05-05,ShrinkAlerts,SA-000008,Re-tag the facing and run an RFID read test at the gate antenna.,1,EUR,OPEN
IN-000019,STR01,CHECKOUT_INTEGRITY,rfid misread on Filly Nut Donut,"S.Mart St. Leon-Rot: Cancellation rate 52.4% against a network baseline of 16.0% for this article (4 events, 11 units).",CRITICAL,16.5,0.91,2026-06-26,ShrinkAlerts,SA-000009,Re-tag the facing and run an RFID read test at the gate antenna.,1,EUR,OPEN
IN-000020,WDF01,CHECKOUT_INTEGRITY,stock variance on M&M Peanut,"S.Mart Walldorf Campus: Counted stock runs 49.3% below book stock across 21 daily counts. M&M Peanut is not RFID tagged but is being presented at an autonomous gate (11 cancellations, 15 units). Cancellation rate 33.3% against a network baseline of 21.9% for this article (11 events, 15 units).",CRITICAL,15,0.908,2026-06-26,ShrinkAlerts,SA-000010,Schedule a cycle count and check the shelf for concealed removals.,1,EUR,OPEN
IN-000021,BLN01,CHECKOUT_INTEGRITY,stock variance on FUZE T PFIRSICH,S.Mart Berlin Rosenthaler: Counted stock runs 51.5% below book stock across 21 daily counts.,CRITICAL,13.6,0.906,2026-05-26,ShrinkAlerts,SA-000012,Schedule a cycle count and check the shelf for concealed removals.,1,EUR,OPEN
IN-000022,HAM01,CHECKOUT_INTEGRITY,stock variance on FUZE T PFIRSICH,"S.Mart Hamburg Hafencity: Counted stock runs 61.7% below book stock across 21 daily counts. FUZE T PFIRSICH is not RFID tagged but is being presented at an autonomous gate (4 cancellations, 8 units).",CRITICAL,13.6,0.906,2026-06-18,ShrinkAlerts,SA-000013,Schedule a cycle count and check the shelf for concealed removals.,1,EUR,OPEN
IN-000023,WDF01,REPLENISHMENT,YFood Trink Vanilla runs out in 2.6h,"S.Mart Walldorf Campus: 1.18 units/day expected, 7-day lead time from Vitamin Well Nordics (reliability 92.1%). Cover is 2.6h against a reorder point of 10.2 units. Order 10 units.",CRITICAL,12.43,0.95,2026-07-03,ReplenishmentTasks,RP-000002,Raise a 10-unit order for delivery before cover runs out.,1,EUR,OPEN
IN-000024,WDF02,CHECKOUT_INTEGRITY,basket abandoned on Laugenbrezel mit Pfeffer,"S.Mart Walldorf WDF03: Cancellation rate 77.8% against a network baseline of 23.5% for this article (3 events, 7 units).",CRITICAL,12.6,0.904,2026-04-16,ShrinkAlerts,SA-000014,Review basket abandonment at this terminal with the shift lead.,1,EUR,OPEN
IN-000025,WDF02,CHECKOUT_INTEGRITY,rfid misread on HOMEMADE BUN Veggie Laugenecke Tom Moz,"S.Mart Walldorf WDF03: Cancellation rate 62.5% against a network baseline of 11.9% for this article (3 events, 5 units). Counted stock runs 31.8% below book stock across 21 daily counts. HOMEMADE BUN Veggie Laugenecke Tom Moz is not RFID tagged but is being presented at an autonomous gate (3 cancellations, 5 units).",CRITICAL,12.5,0.904,2026-05-11,ShrinkAlerts,SA-000015,Re-tag the facing and run an RFID read test at the gate antenna.,1,EUR,OPEN
IN-000026,WDF01,CHECKOUT_INTEGRITY,"tag absent on Leergut 0,15 EUR","S.Mart Walldorf Campus: Leergut 0,15 EUR is not RFID tagged but is being presented at an autonomous gate (79 cancellations, 78.98799999999996 units). Cancellation rate 17.1% against a network baseline of 6.9% for this article (79 events, 78.98799999999996 units). Counted stock runs 21.9% below book stock across 21 daily counts.",CRITICAL,11.96,0.903,2026-06-24,ShrinkAlerts,SA-000016,Add the article to the RFID tagging list or block it from the autonomous assortment.,1,EUR,OPEN
IN-000027,WDF02,CHECKOUT_INTEGRITY,basket abandoned on HOMEMADE BUN Cheese,"S.Mart Walldorf WDF03: Cancellation rate 50.0% against a network baseline of 14.1% for this article (3 events, 6 units). Counted stock runs 9.1% below book stock across 21 daily counts.",CRITICAL,11.4,0.902,2026-06-11,ShrinkAlerts,SA-000017,Review basket abandonment at this terminal with the shift lead.,1,EUR,OPEN
IN-000028,HAM01,COLD_CHAIN,Freezer cabinet - HAM01 at -9.7C,S.Mart Hamburg Hafencity: unit held -9.7C against a target of -18C +/-3C for 60 minutes. Stock exposed is worth EUR 9.15.,CRITICAL,9.15,0.92,2026-07-02,ColdChainAlerts,CC-00016,Move stock to a working cabinet and raise a service call - the unit is far outside band.,1,EUR,OPEN
IN-000029,WDF02,CHECKOUT_INTEGRITY,basket abandoned on Protein Bar Vanilla Stracci,"S.Mart Walldorf WDF03: Cancellation rate 52.9% against a network baseline of 13.5% for this article (3 events, 9 units). Counted stock runs 8.7% below book stock across 21 daily counts.",CRITICAL,9,0.898,2026-06-01,ShrinkAlerts,SA-000019,Review basket abandonment at this terminal with the shift lead.,1,EUR,OPEN
IN-000030,BLN01,WASTE_MARKDOWN,Mark HOMEMADE Breakfastcup 285g down 50%,S.Mart Berlin Rosenthaler: 5 units on hand against 1 expected to sell in the 42h left. A 50% markdown lifts expected sales to 5 units and recovers EUR 7.19 instead of writing off 4.4 units.,HIGH,11.92,0.647,2026-07-03,MarkdownRecommendations,MD-000001,Apply a 50% markdown at the shelf label now.,1,EUR,OPEN
IN-000031,WDF01,WASTE_MARKDOWN,Mark HOMEMADE Breakfastcup 285g down 50%,S.Mart Walldorf Campus: 5 units on hand against 1 expected to sell in the 57h left. A 50% markdown lifts expected sales to 4.9 units and recovers EUR 7.1 instead of writing off 4.4 units.,HIGH,11.77,0.646,2026-07-03,MarkdownRecommendations,MD-000002,Apply a 50% markdown at the shelf label now.,1,EUR,OPEN
IN-000032,BLN01,REPLENISHMENT,YFood Trink Vanilla runs out in 32.7h,"S.Mart Berlin Rosenthaler: 1.08 units/day expected, 7-day lead time from Vitamin Well Nordics (reliability 92.1%). Cover is 32.7h against a reorder point of 8.9 units. Order 6 units.",LOW,7.78,0.95,2026-07-03,ReplenishmentTasks,RP-000003,Raise a 6-unit order for delivery before cover runs out.,3,EUR,OPEN
IN-000033,BLN01,REPLENISHMENT,Red Band Briket Sup. Sauer 200St. Dose runs out in 94.3h,"S.Mart Berlin Rosenthaler: 1.1 units/day expected, 9-day lead time from Nordic Trading AB (reliability 90.5%). Cover is 94.3h against a reorder point of 11.6 units. Order 5 units.",LOW,7.56,0.949,2026-07-03,ReplenishmentTasks,RP-000004,Raise a 5-unit order for delivery before cover runs out.,3,EUR,OPEN
IN-000034,WDF01,REPLENISHMENT,BLACK FOREST ICE CREAM Vanille 100ml Bio runs out in 51.6h,"S.Mart Walldorf Campus: 1.55 units/day expected, 7-day lead time from Vitamin Well Nordics (reliability 92.1%). Cover is 51.6h against a reorder point of 14.7 units. Order 12 units.",LOW,7.02,0.95,2026-07-03,ReplenishmentTasks,RP-000005,Raise a 12-unit order for delivery before cover runs out.,3,EUR,OPEN
IN-000035,WDF02,CHECKOUT_INTEGRITY,stock variance on Smothie Froosh  Strawberry 250ml,S.Mart Walldorf WDF03: Counted stock runs 54.1% below book stock across 21 daily counts.,CRITICAL,7.2,0.894,2026-03-23,ShrinkAlerts,SA-000020,Schedule a cycle count and check the shelf for concealed removals.,1,EUR,OPEN
IN-000036,MUC01,REPLENISHMENT,Smothie Froosh Pineapple 250ml runs out in 12.5h,"S.Mart Munich Werksviertel: 1.16 units/day expected, 9-day lead time from Nordic Trading AB (reliability 90.5%). Cover is 12.5h against a reorder point of 12.5 units. Order 11 units.",MEDIUM,6.76,0.95,2026-07-03,ReplenishmentTasks,RP-000006,Raise a 11-unit order for delivery before cover runs out.,2,EUR,OPEN
IN-000037,MUC01,REPLENISHMENT,Barebells Caramel Choco 55g runs out in 100.4h,"S.Mart Munich Werksviertel: 1.2 units/day expected, 9-day lead time from Nordic Trading AB (reliability 90.5%). Cover is 100.4h against a reorder point of 13.2 units. Order 8 units.",LOW,6.63,0.95,2026-07-03,ReplenishmentTasks,RP-000007,Raise a 8-unit order for delivery before cover runs out.,3,EUR,OPEN
IN-000038,STR01,CHECKOUT_INTEGRITY,stock variance on M&M Peanut,"S.Mart St. Leon-Rot: Counted stock runs 48.1% below book stock across 21 daily counts. M&M Peanut is not RFID tagged but is being presented at an autonomous gate (3 cancellations, 7 units). Cancellation rate 33.3% against a network baseline of 21.9% for this article (3 events, 7 units).",CRITICAL,7,0.893,2026-06-29,ShrinkAlerts,SA-000021,Schedule a cycle count and check the shelf for concealed removals.,1,EUR,OPEN
IN-000039,STR01,CHECKOUT_INTEGRITY,stock variance on FUZE T PFIRSICH,"S.Mart St. Leon-Rot: Counted stock runs 50.6% below book stock across 21 daily counts. FUZE T PFIRSICH is not RFID tagged but is being presented at an autonomous gate (3 cancellations, 4 units).",CRITICAL,6.8,0.893,2026-04-23,ShrinkAlerts,SA-000022,Schedule a cycle count and check the shelf for concealed removals.,1,EUR,OPEN
IN-000040,STR01,CHECKOUT_INTEGRITY,stock variance on FUZE T PFIRSICH,S.Mart St. Leon-Rot: Counted stock runs 50.6% below book stock across 21 daily counts.,CRITICAL,6.8,0.893,2026-06-24,ShrinkAlerts,SA-000023,Schedule a cycle count and check the shelf for concealed removals.,1,EUR,OPEN
IN-000041,BLN01,REPLENISHMENT,Ritter Sport Edel Vollmilch 100g runs out in 20.5h,"S.Mart Berlin Rosenthaler: 1.2 units/day expected, 9-day lead time from Nordic Trading AB (reliability 90.5%). Cover is 20.5h against a reorder point of 13.1 units. Order 11 units.",LOW,6.25,0.95,2026-07-03,ReplenishmentTasks,RP-000008,Raise a 11-unit order for delivery before cover runs out.,3,EUR,OPEN
IN-000042,WDF01,REPLENISHMENT,Starbucks Caramel Macchiato runs out in 66.9h,"S.Mart Walldorf Campus: 1.3 units/day expected, 7-day lead time from Vitamin Well Nordics (reliability 92.1%). Cover is 66.9h against a reorder point of 12.3 units. Order 9 units.",LOW,5.73,0.949,2026-07-03,ReplenishmentTasks,RP-000011,Raise a 9-unit order for delivery before cover runs out.,3,EUR,OPEN
IN-000043,HAM01,REPLENISHMENT,Barebells Caramel Choco 55g runs out in 23.5h,"S.Mart Hamburg Hafencity: 1 units/day expected, 9-day lead time from Nordic Trading AB (reliability 90.5%). Cover is 23.5h against a reorder point of 9 units. Order 5 units.",LOW,5.85,0.925,2026-07-03,ReplenishmentTasks,RP-000009,Raise a 5-unit order for delivery before cover runs out.,3,EUR,OPEN
IN-000044,WDF01,REPLENISHMENT,Red Band Briket Sup. Sauer 200St. Dose runs out in 138.1h,"S.Mart Walldorf Campus: 1 units/day expected, 9-day lead time from Nordic Trading AB (reliability 90.5%). Cover is 138.1h against a reorder point of 9 units. Order 3 units.",LOW,5.78,0.925,2026-07-03,ReplenishmentTasks,RP-000010,Raise a 3-unit order for delivery before cover runs out.,3,EUR,OPEN
IN-000045,WDF01,CHECKOUT_INTEGRITY,stock variance on KitKat,"S.Mart Walldorf Campus: Counted stock runs 49.4% below book stock across 21 daily counts. KitKat is not RFID tagged but is being presented at an autonomous gate (6 cancellations, 6 units).",CRITICAL,6,0.891,2026-02-28,ShrinkAlerts,SA-000024,Schedule a cycle count and check the shelf for concealed removals.,1,EUR,OPEN
IN-000046,HAM01,CHECKOUT_INTEGRITY,stock variance on KitKat,"S.Mart Hamburg Hafencity: Counted stock runs 54.1% below book stock across 21 daily counts. KitKat is not RFID tagged but is being presented at an autonomous gate (3 cancellations, 6 units). Cancellation rate 24.0% against a network baseline of 23.9% for this article (3 events, 6 units).",CRITICAL,6,0.891,2026-05-22,ShrinkAlerts,SA-000025,Schedule a cycle count and check the shelf for concealed removals.,1,EUR,OPEN
IN-000047,MUC01,REPLENISHMENT,YFood Trink Vanilla runs out in 61h,"S.Mart Munich Werksviertel: 1 units/day expected, 7-day lead time from Vitamin Well Nordics (reliability 92.1%). Cover is 61h against a reorder point of 7 units. Order 4 units.",LOW,5.72,0.925,2026-07-03,ReplenishmentTasks,RP-000012,Raise a 4-unit order for delivery before cover runs out.,3,EUR,OPEN
IN-000048,MUC01,REPLENISHMENT,Rexona Deo Men Cobalt Dry runs out in 83.2h,"S.Mart Munich Werksviertel: 1 units/day expected, 7-day lead time from Vitamin Well Nordics (reliability 92.1%). Cover is 83.2h against a reorder point of 7 units. Order 4 units.",LOW,5.72,0.925,2026-07-03,ReplenishmentTasks,RP-000013,Raise a 4-unit order for delivery before cover runs out.,3,EUR,OPEN
IN-000049,HAM01,REPLENISHMENT,BIO Hafer Drink Moccaccino 12 x 235ml Oa runs out in 31.6h,"S.Mart Hamburg Hafencity: 1.1 units/day expected, 9-day lead time from Nordic Trading AB (reliability 90.5%). Cover is 31.6h against a reorder point of 11.6 units. Order 10 units.",LOW,5.45,0.95,2026-07-03,ReplenishmentTasks,RP-000014,Raise a 10-unit order for delivery before cover runs out.,3,EUR,OPEN
IN-000050,STR01,REPLENISHMENT,Airwaves Menth & Eucalypt Box runs out in 23.6h,"S.Mart St. Leon-Rot: 1 units/day expected, 7-day lead time from Vitamin Well Nordics (reliability 92.1%). Cover is 23.6h against a reorder point of 7 units. Order 6 units.",LOW,5.43,0.925,2026-07-03,ReplenishmentTasks,RP-000015,Raise a 6-unit order for delivery before cover runs out.,3,EUR,OPEN
IN-000051,BLN01,REPLENISHMENT,Rexona Deo Men Cobalt Dry runs out in 30.2h,"S.Mart Berlin Rosenthaler: 1 units/day expected, 7-day lead time from Vitamin Well Nordics (reliability 92.1%). Cover is 30.2h against a reorder point of 7 units. Order 4 units.",LOW,5.22,0.925,2026-07-03,ReplenishmentTasks,RP-000016,Raise a 4-unit order for delivery before cover runs out.,3,EUR,OPEN
IN-000052,MUC01,WASTE_MARKDOWN,Mark HOMEMADE Breakfastcup 285g down 50%,S.Mart Munich Werksviertel: 6 units on hand against 0.6 expected to sell in the 57h left. A 50% markdown lifts expected sales to 3.2 units and recovers EUR 4.61 instead of writing off 5 units.,HIGH,7.64,0.629,2026-07-03,MarkdownRecommendations,MD-000003,Apply a 50% markdown at the shelf label now.,1,EUR,OPEN
IN-000053,WDF01,MERCHANDISING,"Welde Slow attaches to Leergut 0,08 EUR","S.Mart Walldorf Campus: the pair appears in 36 baskets at 8.29x lift and 30.8% confidence, but sits in different zones today.",MEDIUM,8.64,0.554,2026-07-03,BasketAffinities,AF-000003,"Add a secondary facing of Welde Slow beside Leergut 0,08 EUR (AMBIENT vs CHILLED zone).",2,EUR,OPEN
IN-000054,BLN01,REPLENISHMENT,Smothie Froosh Pineapple 250ml runs out in 60.9h,"S.Mart Berlin Rosenthaler: 1.19 units/day expected, 9-day lead time from Nordic Trading AB (reliability 90.5%). Cover is 60.9h against a reorder point of 13.3 units. Order 10 units.",LOW,4.94,0.95,2026-07-03,ReplenishmentTasks,RP-000017,Raise a 10-unit order for delivery before cover runs out.,3,EUR,OPEN
IN-000055,HAM01,WASTE_MARKDOWN,Mark HOMEMADE Breakfastcup 285g down 20%,S.Mart Hamburg Hafencity: 5 units on hand against 2.8 expected to sell in the 37h left. A 20% markdown lifts expected sales to 4.6 units and recovers EUR 10.7 instead of writing off 1.9 units.,MEDIUM,6.28,0.747,2026-07-03,MarkdownRecommendations,MD-000004,Apply a 20% markdown at the shelf label now.,2,EUR,OPEN
IN-000056,WDF01,REPLENISHMENT,Shot Ginger Apple 60ml runs out in 40.7h,"S.Mart Walldorf Campus: 1.21 units/day expected, 7-day lead time from Vitamin Well Nordics (reliability 92.1%). Cover is 40.7h against a reorder point of 10.9 units. Order 9 units.",LOW,4.51,0.95,2026-07-03,ReplenishmentTasks,RP-000018,Raise a 9-unit order for delivery before cover runs out.,3,EUR,OPEN
IN-000057,WDF01,MERCHANDISING,"Coca Cola Zero 0,4L Glas Mehrweg attaches to Leergut 0,15 EUR","S.Mart Walldorf Campus: the pair appears in 61 baskets at 3.42x lift and 23.9% confidence, but sits in different zones today.",MEDIUM,7.93,0.52,2026-07-03,BasketAffinities,AF-000007,"Add a secondary facing of Coca Cola Zero 0,4L Glas Mehrweg beside Leergut 0,15 EUR (AMBIENT vs CHILLED zone).",2,EUR,OPEN
IN-000058,WDF02,REPLENISHMENT,Smothie Froosh Pineapple 250ml runs out in 17.3h,"S.Mart Walldorf WDF03: 1.11 units/day expected, 9-day lead time from Nordic Trading AB (reliability 90.5%). Cover is 17.3h against a reorder point of 11.8 units. Order 8 units.",LOW,4.32,0.95,2026-07-03,ReplenishmentTasks,RP-000019,Raise a 8-unit order for delivery before cover runs out.,3,EUR,OPEN
IN-000059,HAM01,REPLENISHMENT,La Nogger Choc runs out in 57.4h,"S.Mart Hamburg Hafencity: 1.1 units/day expected, 9-day lead time from Nordic Trading AB (reliability 90.5%). Cover is 57.4h against a reorder point of 11.9 units. Order 8 units.",LOW,4.26,0.95,2026-07-03,ReplenishmentTasks,RP-000020,Raise a 8-unit order for delivery before cover runs out.,3,EUR,OPEN
IN-000060,BLN01,REPLENISHMENT,M&M Peanut runs out in 0h,"S.Mart Berlin Rosenthaler: 1.15 units/day expected, 9-day lead time from Nordic Trading AB (reliability 90.5%). Cover is 0h against a reorder point of 12.3 units. Order 13 units.",CRITICAL,3.94,0.95,2026-07-03,ReplenishmentTasks,RP-000022,Raise a 13-unit order for delivery before cover runs out.,1,EUR,OPEN
IN-000061,BLN01,REPLENISHMENT,"Yayla Ayran Tetra 0,25L runs out in 1.6h","S.Mart Berlin Rosenthaler: 1.14 units/day expected, 9-day lead time from Nordic Trading AB (reliability 90.5%). Cover is 1.6h against a reorder point of 12.3 units. Order 13 units.",CRITICAL,3.91,0.95,2026-07-03,ReplenishmentTasks,RP-000023,Raise a 13-unit order for delivery before cover runs out.,1,EUR,OPEN
IN-000062,WDF01,REPLENISHMENT,Airwaves Menth & Eucalypt Box runs out in 55h,"S.Mart Walldorf Campus: 1 units/day expected, 7-day lead time from Vitamin Well Nordics (reliability 92.1%). Cover is 55h against a reorder point of 7 units. Order 4 units.",LOW,4.01,0.925,2026-07-03,ReplenishmentTasks,RP-000021,Raise a 4-unit order for delivery before cover runs out.,3,EUR,OPEN
IN-000063,WDF01,REPLENISHMENT,Bio poppy & vanilla fairness 45g runs out in 39.9h,"S.Mart Walldorf Campus: 1.22 units/day expected, 9-day lead time from Nordic Trading AB (reliability 90.5%). Cover is 39.9h against a reorder point of 13.3 units. Order 11 units.",LOW,3.75,0.95,2026-07-03,ReplenishmentTasks,RP-000025,Raise a 11-unit order for delivery before cover runs out.,3,EUR,OPEN
IN-000064,HAM01,REPLENISHMENT,Airwaves Menth & Eucalypt Box runs out in 37.7h,"S.Mart Hamburg Hafencity: 1 units/day expected, 7-day lead time from Vitamin Well Nordics (reliability 92.1%). Cover is 37.7h against a reorder point of 7 units. Order 4 units.",LOW,3.77,0.925,2026-07-03,ReplenishmentTasks,RP-000024,Raise a 4-unit order for delivery before cover runs out.,3,EUR,OPEN
IN-000065,STR01,WASTE_MARKDOWN,Mark HOMEMADE Breakfastcup 285g down 50%,S.Mart St. Leon-Rot: 5 units on hand against 0.4 expected to sell in the 57h left. A 50% markdown lifts expected sales to 2.1 units and recovers EUR 3.04 instead of writing off 4.9 units.,HIGH,5.04,0.62,2026-07-03,MarkdownRecommendations,MD-000005,Apply a 50% markdown at the shelf label now.,1,EUR,OPEN
IN-000066,HAM01,WASTE_MARKDOWN,Mark GO FRESH Sandw Käse down 50%,S.Mart Hamburg Hafencity: 5 units on hand against 0.3 expected to sell in the 22h left. A 50% markdown lifts expected sales to 1.7 units and recovers EUR 3 instead of writing off 5.1 units.,HIGH,4.95,0.616,2026-07-03,MarkdownRecommendations,MD-000006,Apply a 50% markdown at the shelf label now.,1,EUR,OPEN
IN-000067,HAM01,WASTE_MARKDOWN,Mark GO FRESH Sandw Pute Ei down 50%,S.Mart Hamburg Hafencity: 6 units on hand against 0.3 expected to sell in the 22h left. A 50% markdown lifts expected sales to 1.6 units and recovers EUR 2.93 instead of writing off 5.5 units.,HIGH,4.83,0.614,2026-07-03,MarkdownRecommendations,MD-000007,Apply a 50% markdown at the shelf label now.,1,EUR,OPEN
IN-000068,HAM01,WASTE_MARKDOWN,Mark GO FRESH Wrap Tomat Mozza down 50%,S.Mart Hamburg Hafencity: 5 units on hand against 0.3 expected to sell in the 22h left. A 50% markdown lifts expected sales to 1.5 units and recovers EUR 2.65 instead of writing off 4.9 units.,HIGH,4.37,0.615,2026-07-03,MarkdownRecommendations,MD-000008,Apply a 50% markdown at the shelf label now.,1,EUR,OPEN
IN-000069,HAM01,WASTE_MARKDOWN,Mark Nissin Cup Noodles Chicke down 50%,S.Mart Hamburg Hafencity: 6 units on hand against 0.4 expected to sell in the 52h left. A 50% markdown lifts expected sales to 2.1 units and recovers EUR 2.59 instead of writing off 5.3 units.,HIGH,4.32,0.619,2026-07-03,MarkdownRecommendations,MD-000009,Apply a 50% markdown at the shelf label now.,1,EUR,OPEN
IN-000070,HAM01,WASTE_MARKDOWN,Mark GO FRESH Tuna Sandwich down 50%,S.Mart Hamburg Hafencity: 6 units on hand against 0.3 expected to sell in the 22h left. A 50% markdown lifts expected sales to 1.5 units and recovers EUR 2.58 instead of writing off 5.4 units.,HIGH,4.25,0.613,2026-07-03,MarkdownRecommendations,MD-000010,Apply a 50% markdown at the shelf label now.,1,EUR,OPEN
IN-000071,HAM01,WASTE_MARKDOWN,Mark GO FRESH Wrap Chicken Chi down 50%,S.Mart Hamburg Hafencity: 6 units on hand against 0.3 expected to sell in the 22h left. A 50% markdown lifts expected sales to 1.4 units and recovers EUR 2.51 instead of writing off 5.2 units.,HIGH,4.14,0.613,2026-07-03,MarkdownRecommendations,MD-000011,Apply a 50% markdown at the shelf label now.,1,EUR,OPEN
IN-000072,HAM01,WASTE_MARKDOWN,Mark HOMEMADE BUN HAM down 50%,S.Mart Hamburg Hafencity: 5 units on hand against 0.4 expected to sell in the 7h left. A 50% markdown lifts expected sales to 2 units and recovers EUR 2.29 instead of writing off 4.9 units.,HIGH,3.83,0.619,2026-07-03,MarkdownRecommendations,MD-000012,Apply a 50% markdown at the shelf label now.,1,EUR,OPEN
IN-000073,HAM01,WASTE_MARKDOWN,Mark GO FRESH Sanw Schink Goud down 50%,S.Mart Hamburg Hafencity: 5 units on hand against 0.2 expected to sell in the 22h left. A 50% markdown lifts expected sales to 1.2 units and recovers EUR 2.16 instead of writing off 5 units.,HIGH,3.57,0.612,2026-07-03,MarkdownRecommendations,MD-000013,Apply a 50% markdown at the shelf label now.,1,EUR,OPEN
IN-000074,BLN01,WASTE_MARKDOWN,Mark GO FRESH Tuna Sandwich down 50%,S.Mart Berlin Rosenthaler: 6 units on hand against 0.2 expected to sell in the 25h left. A 50% markdown lifts expected sales to 1.2 units and recovers EUR 2.09 instead of writing off 5.3 units.,HIGH,3.46,0.611,2026-07-03,MarkdownRecommendations,MD-000014,Apply a 50% markdown at the shelf label now.,1,EUR,OPEN
IN-000075,HAM01,WASTE_MARKDOWN,Mark HOMEMADE BUN VEGAN down 50%,S.Mart Hamburg Hafencity: 5 units on hand against 0.3 expected to sell in the 7h left. A 50% markdown lifts expected sales to 1.5 units and recovers EUR 1.78 instead of writing off 4.5 units.,HIGH,2.97,0.616,2026-07-03,MarkdownRecommendations,MD-000016,Apply a 50% markdown at the shelf label now.,1,EUR,OPEN
IN-000076,HAM01,WASTE_MARKDOWN,Mark Oreo Classic down 50%,S.Mart Hamburg Hafencity: 8 units on hand against 0.3 expected to sell in the 22h left. A 50% markdown lifts expected sales to 1.5 units and recovers EUR 1.97 instead of writing off 7.3 units.,HIGH,2.99,0.61,2026-07-03,MarkdownRecommendations,MD-000015,Apply a 50% markdown at the shelf label now.,1,EUR,OPEN
IN-000077,BLN01,WASTE_MARKDOWN,Mark GO FRESH Wrap Chicken Chi down 50%,S.Mart Berlin Rosenthaler: 5 units on hand against 0.2 expected to sell in the 25h left. A 50% markdown lifts expected sales to 1 units and recovers EUR 1.75 instead of writing off 4.9 units.,HIGH,2.88,0.61,2026-07-03,MarkdownRecommendations,MD-000017,Apply a 50% markdown at the shelf label now.,1,EUR,OPEN
IN-000078,HAM01,WASTE_MARKDOWN,Mark HOMEMADE BUN Cheese down 50%,S.Mart Hamburg Hafencity: 5 units on hand against 0.4 expected to sell in the 7h left. A 50% markdown lifts expected sales to 1.9 units and recovers EUR 1.67 instead of writing off 4.4 units.,HIGH,2.81,0.62,2026-07-03,MarkdownRecommendations,MD-000018,Apply a 50% markdown at the shelf label now.,1,EUR,OPEN
IN-000079,WDF01,MERCHANDISING,"Welde Alkoholfrei attaches to Leergut 0,08 EUR","S.Mart Walldorf Campus: the pair appears in 23 baskets at 7.14x lift and 19.7% confidence, but sits in different zones today.",MEDIUM,3.45,0.498,2026-07-03,BasketAffinities,AF-000004,"Add a secondary facing of Welde Alkoholfrei beside Leergut 0,08 EUR (AMBIENT vs CHILLED zone).",2,EUR,OPEN
IN-000080,HAM01,WASTE_MARKDOWN,Mark GO FRESH Wrap Linse Falaf down 50%,S.Mart Hamburg Hafencity: 3 units on hand against 0.2 expected to sell in the 22h left. A 50% markdown lifts expected sales to 0.9 units and recovers EUR 1.67 instead of writing off 2.8 units.,HIGH,2.76,0.616,2026-07-03,MarkdownRecommendations,MD-000019,Apply a 50% markdown at the shelf label now.,1,EUR,OPEN
IN-000081,HAM01,WASTE_MARKDOWN,Mark HOMEMADE BUN Veggie Laugenecke Tom Moz down 50%,S.Mart Hamburg Hafencity: 3 units on hand against 0.3 expected to sell in the 7h left. A 50% markdown lifts expected sales to 1.3 units and recovers EUR 1.53 instead of writing off 2.9 units.,HIGH,2.56,0.621,2026-07-03,MarkdownRecommendations,MD-000020,Apply a 50% markdown at the shelf label now.,1,EUR,OPEN
IN-000082,BLN01,WASTE_MARKDOWN,Mark Nissin Cup Noodles Chicke down 50%,S.Mart Berlin Rosenthaler: 6 units on hand against 0.2 expected to sell in the 59h left. A 50% markdown lifts expected sales to 1.1 units and recovers EUR 1.35 instead of writing off 5.4 units.,HIGH,2.26,0.61,2026-07-03,MarkdownRecommendations,MD-000021,Apply a 50% markdown at the shelf label now.,1,EUR,OPEN
IN-000083,WDF01,WASTE_MARKDOWN,Mark Nissin Cup Noodles Chicke down 50%,S.Mart Walldorf Campus: 5 units on hand against 0.2 expected to sell in the 81h left. A 50% markdown lifts expected sales to 1.1 units and recovers EUR 1.32 instead of writing off 5.2 units.,HIGH,2.19,0.61,2026-07-03,MarkdownRecommendations,MD-000022,Apply a 50% markdown at the shelf label now.,1,EUR,OPEN
IN-000084,HAM01,WASTE_MARKDOWN,Mark GO FRESH Sandw SweetChili down 50%,S.Mart Hamburg Hafencity: 5 units on hand against 0.2 expected to sell in the 22h left. A 50% markdown lifts expected sales to 0.7 units and recovers EUR 1.32 instead of writing off 4.9 units.,HIGH,2.19,0.607,2026-07-03,MarkdownRecommendations,MD-000023,Apply a 50% markdown at the shelf label now.,1,EUR,OPEN
IN-000085,HAM01,PERSONALISATION,Offer DPG Vitamin Well Reload at 10%,S.Mart Hamburg Hafencity: Buys DPG Vitamin Well Reload about every 38 days and is 87 days on from the last one.,LOW,1.53,0.868,2026-07-03,NextBestOffers,NBO-000824,Send via the S.Mart app.,3,EUR,OPEN
IN-000086,STR01,PERSONALISATION,"Offer Red Bull 0,25 at 13%","S.Mart St. Leon-Rot: Buys Red Bull 0,25 about every 32.5 days and is 57 days on from the last one.",LOW,1.4,0.943,2026-07-03,NextBestOffers,NBO-000353,Send via the S.Mart app.,3,EUR,OPEN
IN-000087,WDF01,WASTE_MARKDOWN,Mark GO FRESH Wrap Chicken Chi down 50%,S.Mart Walldorf Campus: 6 units on hand against 0.1 expected to sell in the 33h left. A 50% markdown lifts expected sales to 0.7 units and recovers EUR 1.31 instead of writing off 5.8 units.,HIGH,2.16,0.606,2026-07-03,MarkdownRecommendations,MD-000024,Apply a 50% markdown at the shelf label now.,1,EUR,OPEN
IN-000088,WDF01,WASTE_MARKDOWN,Mark GO FRESH Tuna Sandwich down 50%,S.Mart Walldorf Campus: 6 units on hand against 0.1 expected to sell in the 33h left. A 50% markdown lifts expected sales to 0.7 units and recovers EUR 1.31 instead of writing off 5.7 units.,HIGH,2.15,0.606,2026-07-03,MarkdownRecommendations,MD-000025,Apply a 50% markdown at the shelf label now.,1,EUR,OPEN
IN-000089,MUC01,PERSONALISATION,Offer Welde Alkoholfrei at 11%,S.Mart Munich Werksviertel: Buys Welde Alkoholfrei about every 43 days and is 91 days on from the last one.,LOW,1.39,0.923,2026-07-03,NextBestOffers,NBO-000001,Send via the S.Mart app.,3,EUR,OPEN
IN-000090,HAM01,PERSONALISATION,Offer Croissant Schnecke at 8%,S.Mart Hamburg Hafencity: Buys Croissant Schnecke about every 27.5 days and is 45 days on from the last one.,LOW,1.45,0.877,2026-07-03,NextBestOffers,NBO-000594,Send via the S.Mart app.,3,EUR,OPEN
IN-000091,HAM01,PERSONALISATION,Offer Laugenbrezel mit Butter at 10%,S.Mart Hamburg Hafencity: Buys Laugenbrezel mit Butter about every 17.5 days and is 30 days on from the last one.,LOW,1.41,0.864,2026-07-03,NextBestOffers,NBO-000278,Send via the S.Mart app.,3,EUR,OPEN
IN-000092,BLN01,PERSONALISATION,"Offer Red Bull 0,25 at 8%","S.Mart Berlin Rosenthaler: Buys Red Bull 0,25 about every 27 days and is 53 days on from the last one.",LOW,1.32,0.846,2026-07-03,NextBestOffers,NBO-000171,Send via the S.Mart app.,3,EUR,OPEN
IN-000093,STR01,PERSONALISATION,"Offer Red Bull 0,25 at 11%","S.Mart St. Leon-Rot: Buys Red Bull 0,25 about every 52 days and is 59 days on from the last one.",LOW,1.25,0.828,2026-07-03,NextBestOffers,NBO-000538,Send via the S.Mart app.,3,EUR,OPEN
IN-000094,WDF02,PERSONALISATION,Offer FUZE T PFIRSICH at 20%,"S.Mart Walldorf WDF03: FUZE T PFIRSICH sells with Leergut 0,15 EUR at 3.69x lift, and that is one of this customer's regular buys.",LOW,1.11,0.812,2026-07-03,NextBestOffers,NBO-000451,Send via the S.Mart app.,3,EUR,OPEN
IN-000095,WDF02,PERSONALISATION,Offer Teinacher Apfelschorle at 20%,"S.Mart Walldorf WDF03: Teinacher Apfelschorle sells with Leergut 0,15 EUR at 3.5x lift, and that is one of this customer's regular buys.",LOW,1.04,0.812,2026-07-03,NextBestOffers,NBO-000452,Send via the S.Mart app.,3,EUR,OPEN
IN-000096,WDF02,PERSONALISATION,"Offer Coca Cola Zero 0,4L Glas Mehrweg at 20%","S.Mart Walldorf WDF03: Coca Cola Zero 0,4L Glas Mehrweg sells with Leergut 0,15 EUR at 3.42x lift, and that is one of this customer's regular buys.",LOW,0.98,0.812,2026-07-03,NextBestOffers,NBO-000453,Send via the S.Mart app.,3,EUR,OPEN
IN-000097,HAM01,PERSONALISATION,Offer Twix Xtra 75g at 11%,S.Mart Hamburg Hafencity: Buys Twix Xtra 75g about every 31.5 days and is 92 days on from the last one.,LOW,0.92,0.859,2026-07-03,NextBestOffers,NBO-000426,Send via the S.Mart app.,3,EUR,OPEN
IN-000098,WDF01,MERCHANDISING,"DPG Vitamin Well Reload attaches to Leergut 0,25 EUR","S.Mart Walldorf Campus: the pair appears in 41 baskets at 1.86x lift and 7.9% confidence, but sits in different zones today.",LOW,0.82,0.44,2026-07-03,BasketAffinities,AF-000015,"Add a secondary facing of DPG Vitamin Well Reload beside Leergut 0,25 EUR (AMBIENT vs CHILLED zone).",3,EUR,OPEN
IN-000099,WDF01,MERCHANDISING,"Welde Naturradler attaches to Leergut 0,08 EUR","S.Mart Walldorf Campus: the pair appears in 8 baskets at 9.52x lift and 6.8% confidence, but sits in different zones today.",MEDIUM,0.4,0.434,2026-07-03,BasketAffinities,AF-000002,"Add a secondary facing of Welde Naturradler beside Leergut 0,08 EUR (AMBIENT vs CHILLED zone).",2,EUR,OPEN
IN-000100,HAM01,MERCHANDISING,DPG Vitamin Well Reload attaches to Koro Protein Bar Schoko Brownie,"S.Mart Hamburg Hafencity: the pair appears in 8 baskets at 2.19x lift and 8.4% confidence, but sits in different zones today.",LOW,0.24,0.442,2026-07-03,BasketAffinities,AF-000012,Add a secondary facing of DPG Vitamin Well Reload beside Koro Protein Bar Schoko Brownie (AMBIENT vs CHILLED zone).,3,EUR,OPEN
IN-000101,MUC01,PERSONALISATION,"Offer Leergut 0,15 EUR at 10%","S.Mart Munich Werksviertel: Buys Leergut 0,15 EUR about every 35.5 days and is 50 days on from the last one.",LOW,0.11,0.808,2026-07-03,NextBestOffers,NBO-000013,Send via the S.Mart app.,3,EUR,OPEN
IN-000102,WDF01,MERCHANDISING,"Teinacher Mango Maracuja attaches to Leergut 0,15 EUR","S.Mart Walldorf Campus: the pair appears in 10 baskets at 2.62x lift and 3.9% confidence, but sits in different zones today.",LOW,0.2,0.42,2026-07-03,BasketAffinities,AF-000009,"Add a secondary facing of Teinacher Mango Maracuja beside Leergut 0,15 EUR (AMBIENT vs CHILLED zone).",3,EUR,OPEN
IN-000103,WDF01,MERCHANDISING,"FUZE T PFIRSICH attaches to Leergut 0,15 EUR","S.Mart Walldorf Campus: the pair appears in 9 baskets at 3.69x lift and 3.5% confidence, but sits in different zones today.",MEDIUM,0.18,0.418,2026-07-03,BasketAffinities,AF-000005,"Add a secondary facing of FUZE T PFIRSICH beside Leergut 0,15 EUR (AMBIENT vs CHILLED zone).",2,EUR,OPEN
IN-000104,WDF01,MERCHANDISING,"Teinacher Apfelschorle attaches to Leergut 0,15 EUR","S.Mart Walldorf Campus: the pair appears in 8 baskets at 3.5x lift and 3.1% confidence, but sits in different zones today.",MEDIUM,0.16,0.416,2026-07-03,BasketAffinities,AF-000006,"Add a secondary facing of Teinacher Apfelschorle beside Leergut 0,15 EUR (AMBIENT vs CHILLED zone).",2,EUR,OPEN
IN-000105,WDF01,MERCHANDISING,"Mezzo Mix 0,4L Glas Mehrweg attaches to Leergut 0,15 EUR","S.Mart Walldorf Campus: the pair appears in 9 baskets at 2.18x lift and 3.5% confidence, but sits in different zones today.",LOW,0.09,0.418,2026-07-03,BasketAffinities,AF-000013,"Add a secondary facing of Mezzo Mix 0,4L Glas Mehrweg beside Leergut 0,15 EUR (AMBIENT vs CHILLED zone).",3,EUR,OPEN
IN-000106,WDF01,MERCHANDISING,"Coca Cola 0,4L Glas Mehrweg attaches to Leergut 0,15 EUR","S.Mart Walldorf Campus: the pair appears in 8 baskets at 2.18x lift and 3.1% confidence, but sits in different zones today.",LOW,0.08,0.416,2026-07-03,BasketAffinities,AF-000014,"Add a secondary facing of Coca Cola 0,4L Glas Mehrweg beside Leergut 0,15 EUR (AMBIENT vs CHILLED zone).",3,EUR,OPEN
IN-000107,WDF01,MERCHANDISING,"Red Bull Sea Blue Edition attaches to Leergut 0,25 EUR","S.Mart Walldorf Campus: the pair appears in 12 baskets at 1.84x lift and 2.3% confidence, but sits in different zones today.",LOW,0,0.412,2026-07-03,BasketAffinities,AF-000016,"Add a secondary facing of Red Bull Sea Blue Edition beside Leergut 0,25 EUR (AMBIENT vs CHILLED zone).",3,EUR,OPEN
