ID,store_ID,article_ID,supplier_ID,dueOn,onHand,reorderPoint,recommendedQty,coverageHours,urgency,criticality,state,stockoutRisk,lostSalesValue,currency_code,reasoning
RP-000001,MUC01,AR00278,SUP007,2026-07-03,2.558,9,7,61.39,LOW,3,OPEN,0.95,20.81,EUR,"1 units/day expected, 9-day lead time from Nordic Trading AB (reliability 90.5%). Cover is 61.4h against a reorder point of 9 units."
RP-000002,WDF01,AR90021,SUP008,2026-07-03,0.127,10.19,10,2.58,CRITICAL,1,OPEN,1,12.43,EUR,"1.18 units/day expected, 7-day lead time from Vitamin Well Nordics (reliability 92.1%). Cover is 2.6h against a reorder point of 10.2 units."
RP-000003,BLN01,AR90021,SUP008,2026-07-03,2.069,8.853,6,32.66,LOW,3,OPEN,1,7.78,EUR,"1.08 units/day expected, 7-day lead time from Vitamin Well Nordics (reliability 92.1%). Cover is 32.7h against a reorder point of 8.9 units."
RP-000004,BLN01,AR00215,SUP007,2026-07-03,6.104,11.63,5,94.33,LOW,3,OPEN,0.9984,7.56,EUR,"1.1 units/day expected, 9-day lead time from Nordic Trading AB (reliability 90.5%). Cover is 94.3h against a reorder point of 11.6 units."
RP-000005,WDF01,AR00064,SUP008,2026-07-03,3.322,14.706,12,51.59,LOW,3,OPEN,0.9997,7.02,EUR,"1.55 units/day expected, 7-day lead time from Vitamin Well Nordics (reliability 92.1%). Cover is 51.6h against a reorder point of 14.7 units."
RP-000006,MUC01,AR00276,SUP007,2026-07-03,0.603,12.47,11,12.5,MEDIUM,2,OPEN,1,6.76,EUR,"1.16 units/day expected, 9-day lead time from Nordic Trading AB (reliability 90.5%). Cover is 12.5h against a reorder point of 12.5 units."
RP-000007,MUC01,AR00040,SUP007,2026-07-03,5.021,13.246,8,100.42,LOW,3,OPEN,0.9998,6.63,EUR,"1.2 units/day expected, 9-day lead time from Nordic Trading AB (reliability 90.5%). Cover is 100.4h against a reorder point of 13.2 units."
RP-000008,BLN01,AR00219,SUP007,2026-07-03,1.448,13.106,11,20.51,LOW,3,OPEN,1,6.25,EUR,"1.2 units/day expected, 9-day lead time from Nordic Trading AB (reliability 90.5%). Cover is 20.5h against a reorder point of 13.1 units."
RP-000009,HAM01,AR00040,SUP007,2026-07-03,1.564,9,5,23.46,LOW,3,OPEN,0.95,5.85,EUR,"1 units/day expected, 9-day lead time from Nordic Trading AB (reliability 90.5%). Cover is 23.5h against a reorder point of 9 units."
RP-000010,WDF01,AR00215,SUP007,2026-07-03,5.754,9,3,138.1,LOW,3,OPEN,0.95,5.78,EUR,"1 units/day expected, 9-day lead time from Nordic Trading AB (reliability 90.5%). Cover is 138.1h against a reorder point of 9 units."
RP-000011,WDF01,AR00283,SUP008,2026-07-03,3.626,12.299,9,66.94,LOW,3,OPEN,0.9989,5.73,EUR,"1.3 units/day expected, 7-day lead time from Vitamin Well Nordics (reliability 92.1%). Cover is 66.9h against a reorder point of 12.3 units."
RP-000012,MUC01,AR90021,SUP008,2026-07-03,2.54,7,4,60.96,LOW,3,OPEN,0.95,5.72,EUR,"1 units/day expected, 7-day lead time from Vitamin Well Nordics (reliability 92.1%). Cover is 61h against a reorder point of 7 units."
RP-000013,MUC01,AR00151,SUP008,2026-07-03,3.467,7,4,83.21,LOW,3,OPEN,0.95,5.72,EUR,"1 units/day expected, 7-day lead time from Vitamin Well Nordics (reliability 92.1%). Cover is 83.2h against a reorder point of 7 units."
RP-000014,HAM01,AR00333,SUP007,2026-07-03,2.317,11.584,10,31.6,LOW,3,OPEN,1,5.45,EUR,"1.1 units/day expected, 9-day lead time from Nordic Trading AB (reliability 90.5%). Cover is 31.6h against a reorder point of 11.6 units."
RP-000015,STR01,AR00454,SUP008,2026-07-03,0.982,7,6,23.57,LOW,3,OPEN,0.95,5.43,EUR,"1 units/day expected, 7-day lead time from Vitamin Well Nordics (reliability 92.1%). Cover is 23.6h against a reorder point of 7 units."
RP-000016,BLN01,AR00151,SUP008,2026-07-03,1.778,7,4,30.23,LOW,3,OPEN,0.95,5.22,EUR,"1 units/day expected, 7-day lead time from Vitamin Well Nordics (reliability 92.1%). Cover is 30.2h against a reorder point of 7 units."
RP-000017,BLN01,AR00276,SUP007,2026-07-03,4.253,13.263,10,60.89,LOW,3,OPEN,1,4.94,EUR,"1.19 units/day expected, 9-day lead time from Nordic Trading AB (reliability 90.5%). Cover is 60.9h against a reorder point of 13.3 units."
RP-000018,WDF01,AR00294,SUP008,2026-07-03,2.047,10.871,9,40.66,LOW,3,OPEN,1,4.51,EUR,"1.21 units/day expected, 7-day lead time from Vitamin Well Nordics (reliability 92.1%). Cover is 40.7h against a reorder point of 10.9 units."
RP-000019,WDF02,AR00276,SUP007,2026-07-03,1.371,11.823,8,17.27,LOW,3,OPEN,1,4.32,EUR,"1.11 units/day expected, 9-day lead time from Nordic Trading AB (reliability 90.5%). Cover is 17.3h against a reorder point of 11.8 units."
RP-000020,HAM01,AR00084,SUP007,2026-07-03,4.208,11.892,8,57.38,LOW,3,OPEN,1,4.26,EUR,"1.1 units/day expected, 9-day lead time from Nordic Trading AB (reliability 90.5%). Cover is 57.4h against a reorder point of 11.9 units."
RP-000021,WDF01,AR00454,SUP008,2026-07-03,2.291,7,4,54.98,LOW,3,OPEN,0.95,4.01,EUR,"1 units/day expected, 7-day lead time from Vitamin Well Nordics (reliability 92.1%). Cover is 55h against a reorder point of 7 units."
RP-000022,BLN01,AR00054,SUP007,2026-07-03,0,12.29,13,0,CRITICAL,1,OPEN,1,3.94,EUR,"1.15 units/day expected, 9-day lead time from Nordic Trading AB (reliability 90.5%). Cover is 0h against a reorder point of 12.3 units."
RP-000023,BLN01,AR00286,SUP007,2026-07-03,0.107,12.272,13,1.59,CRITICAL,1,OPEN,1,3.91,EUR,"1.14 units/day expected, 9-day lead time from Nordic Trading AB (reliability 90.5%). Cover is 1.6h against a reorder point of 12.3 units."
RP-000024,HAM01,AR00454,SUP008,2026-07-03,2.516,7,4,37.74,LOW,3,OPEN,0.95,3.77,EUR,"1 units/day expected, 7-day lead time from Vitamin Well Nordics (reliability 92.1%). Cover is 37.7h against a reorder point of 7 units."
RP-000025,WDF01,AR00402,SUP007,2026-07-03,2.03,13.34,11,39.86,LOW,3,OPEN,1,3.75,EUR,"1.22 units/day expected, 9-day lead time from Nordic Trading AB (reliability 90.5%). Cover is 39.9h against a reorder point of 13.3 units."
RP-000026,MUC01,AR00333,SUP007,2026-07-03,3.521,9,6,84.5,LOW,3,OPEN,0.95,3.74,EUR,"1 units/day expected, 9-day lead time from Nordic Trading AB (reliability 90.5%). Cover is 84.5h against a reorder point of 9 units."
RP-000027,WDF01,AR00010,SUP007,2026-07-03,3.895,18.4,14,63.96,LOW,3,OPEN,0.9979,3.46,EUR,"1.46 units/day expected, 9-day lead time from Nordic Trading AB (reliability 90.5%). Cover is 64h against a reorder point of 18.4 units."
RP-000028,BLN01,AR00283,SUP008,2026-07-03,2.537,7,4,43.13,LOW,3,OPEN,0.95,3.45,EUR,"1 units/day expected, 7-day lead time from Vitamin Well Nordics (reliability 92.1%). Cover is 43.1h against a reorder point of 7 units."
RP-000029,WDF01,AR00276,SUP007,2026-07-03,4.043,12.738,7,84.9,LOW,3,OPEN,0.9992,3.25,EUR,"1.14 units/day expected, 9-day lead time from Nordic Trading AB (reliability 90.5%). Cover is 84.9h against a reorder point of 12.7 units."
RP-000030,HAM01,AR00294,SUP008,2026-07-03,0.836,8.573,6,11.82,MEDIUM,2,OPEN,1,3.23,EUR,"1.06 units/day expected, 7-day lead time from Vitamin Well Nordics (reliability 92.1%). Cover is 11.8h against a reorder point of 8.6 units."
RP-000031,STR01,AR00294,SUP008,2026-07-03,1.33,9.358,7,28.73,LOW,3,OPEN,1,3.13,EUR,"1.11 units/day expected, 7-day lead time from Vitamin Well Nordics (reliability 92.1%). Cover is 28.7h against a reorder point of 9.4 units."
RP-000032,WDF01,AR00054,SUP007,2026-07-03,1.227,12.923,11,25.52,LOW,3,OPEN,1,3.11,EUR,"1.15 units/day expected, 9-day lead time from Nordic Trading AB (reliability 90.5%). Cover is 25.5h against a reorder point of 12.9 units."
RP-000033,MUC01,AR00064,SUP008,2026-07-03,4.748,9.721,5,99.71,LOW,3,OPEN,0.9996,3.04,EUR,"1.14 units/day expected, 7-day lead time from Vitamin Well Nordics (reliability 92.1%). Cover is 99.7h against a reorder point of 9.7 units."
RP-000034,BLN01,AR00333,SUP007,2026-07-03,2.676,9,5,45.49,LOW,3,OPEN,0.95,2.95,EUR,"1 units/day expected, 9-day lead time from Nordic Trading AB (reliability 90.5%). Cover is 45.5h against a reorder point of 9 units."
RP-000035,WDF01,AR00397,SUP003,2026-07-03,0.498,4.055,4,11.1,MEDIUM,2,OPEN,1,2.88,EUR,"1.08 units/day expected, 3-day lead time from Hochwald Foods (reliability 96.2%). Cover is 11.1h against a reorder point of 4.1 units."
RP-000036,MUC01,AR00283,SUP008,2026-07-03,3.21,11.313,6,59.92,LOW,3,OPEN,0.9847,2.88,EUR,"1.29 units/day expected, 7-day lead time from Vitamin Well Nordics (reliability 92.1%). Cover is 59.9h against a reorder point of 11.3 units."
RP-000037,BLN01,AR00074,SUP007,2026-07-03,4.958,9,5,84.29,LOW,3,OPEN,0.95,2.87,EUR,"1 units/day expected, 9-day lead time from Nordic Trading AB (reliability 90.5%). Cover is 84.3h against a reorder point of 9 units."
RP-000038,STR01,AR00289,SUP004,2026-07-03,1.302,6.213,5,29.6,LOW,3,OPEN,1,2.79,EUR,"1.06 units/day expected, 5-day lead time from Welde Braumanufaktur (reliability 93.0%). Cover is 29.6h against a reorder point of 6.2 units."
RP-000039,STR01,AR00084,SUP007,2026-07-03,3.937,11.012,6,88.58,LOW,3,OPEN,1,2.74,EUR,"1.07 units/day expected, 9-day lead time from Nordic Trading AB (reliability 90.5%). Cover is 88.6h against a reorder point of 11 units."
RP-000040,BLN01,AR00275,SUP002,2026-07-03,0.757,5.281,5,11.95,MEDIUM,2,OPEN,1,2.72,EUR,"1.08 units/day expected, 4-day lead time from Koro Handels GmbH (reliability 94.0%). Cover is 11.9h against a reorder point of 5.3 units."
RP-000041,WDF01,AR00319,SUP008,2026-07-03,2.272,14.335,10,34.53,LOW,3,OPEN,0.9992,2.72,EUR,"1.58 units/day expected, 7-day lead time from Vitamin Well Nordics (reliability 92.1%). Cover is 34.5h against a reorder point of 14.3 units."
RP-000042,STR01,AR00367,SUP003,2026-07-03,0.022,3,2,0.53,CRITICAL,1,OPEN,0.95,2.7,EUR,"1 units/day expected, 3-day lead time from Hochwald Foods (reliability 96.2%). Cover is 0.5h against a reorder point of 3 units."
RP-000043,WDF01,AR00040,SUP007,2026-07-03,3.95,9,3,94.8,LOW,3,OPEN,0.95,2.7,EUR,"1 units/day expected, 9-day lead time from Nordic Trading AB (reliability 90.5%). Cover is 94.8h against a reorder point of 9 units."
RP-000044,WDF01,AR00333,SUP007,2026-07-03,7.032,18.869,11,123.76,LOW,3,OPEN,0.8794,2.68,EUR,"1.36 units/day expected, 9-day lead time from Nordic Trading AB (reliability 90.5%). Cover is 123.8h against a reorder point of 18.9 units."
RP-000045,WDF02,AR00286,SUP007,2026-07-03,3.666,12.733,10,43.99,LOW,3,OPEN,1,2.62,EUR,"1.17 units/day expected, 9-day lead time from Nordic Trading AB (reliability 90.5%). Cover is 44h against a reorder point of 12.7 units."
RP-000046,BLN01,AR00213,SUP008,2026-07-03,0.688,10.049,8,9.95,HIGH,1,OPEN,1,2.61,EUR,"1.18 units/day expected, 7-day lead time from Vitamin Well Nordics (reliability 92.1%). Cover is 10h against a reorder point of 10 units."
RP-000047,HAM01,AR00215,SUP007,2026-07-03,5.001,9,1,75.02,LOW,3,OPEN,0.95,2.57,EUR,"1 units/day expected, 9-day lead time from Nordic Trading AB (reliability 90.5%). Cover is 75h against a reorder point of 9 units."
RP-000048,WDF02,AR00294,SUP008,2026-07-03,0.219,7,4,3.07,CRITICAL,1,OPEN,0.95,2.53,EUR,"1 units/day expected, 7-day lead time from Vitamin Well Nordics (reliability 92.1%). Cover is 3.1h against a reorder point of 7 units."
RP-000049,WDF02,AR00395,SUP008,2026-07-03,5.367,9.231,4,67.98,LOW,3,OPEN,0.9978,2.49,EUR,"1.11 units/day expected, 7-day lead time from Vitamin Well Nordics (reliability 92.1%). Cover is 68h against a reorder point of 9.2 units."
RP-000050,BLN01,AR00292,SUP008,2026-07-03,0.968,8.767,5,15.36,MEDIUM,2,OPEN,1,2.48,EUR,"1.07 units/day expected, 7-day lead time from Vitamin Well Nordics (reliability 92.1%). Cover is 15.4h against a reorder point of 8.8 units."
RP-000051,STR01,AR00402,SUP007,2026-07-03,2.619,13.106,8,52.38,LOW,3,OPEN,1,2.44,EUR,"1.2 units/day expected, 9-day lead time from Nordic Trading AB (reliability 90.5%). Cover is 52.4h against a reorder point of 13.1 units."
RP-000052,STR01,AR00058,SUP002,2026-07-03,0.909,5.741,4,19.39,LOW,3,OPEN,0.9999,2.42,EUR,"1.13 units/day expected, 4-day lead time from Koro Handels GmbH (reliability 94.0%). Cover is 19.4h against a reorder point of 5.7 units."
RP-000053,WDF01,AR90014,SUP004,2026-07-03,2.256,12.484,10,34.71,LOW,3,OPEN,0.9574,2.36,EUR,"1.56 units/day expected, 5-day lead time from Welde Braumanufaktur (reliability 93.0%). Cover is 34.7h against a reorder point of 12.5 units."
RP-000054,BLN01,AR00405,SUP008,2026-07-03,1.867,8.561,7,29.98,LOW,3,OPEN,1,2.35,EUR,"1.06 units/day expected, 7-day lead time from Vitamin Well Nordics (reliability 92.1%). Cover is 30h against a reorder point of 8.6 units."
RP-000055,HAM01,AR00056,SUP010,2026-07-03,0.883,4.383,4,11.77,MEDIUM,2,OPEN,1,2.33,EUR,"1.13 units/day expected, 3-day lead time from Unilever Ice Cream DE (reliability 96.8%). Cover is 11.8h against a reorder point of 4.4 units."
RP-000056,STR01,AR00276,SUP007,2026-07-03,2.804,9,4,67.3,LOW,3,OPEN,0.95,2.33,EUR,"1 units/day expected, 9-day lead time from Nordic Trading AB (reliability 90.5%). Cover is 67.3h against a reorder point of 9 units."
RP-000057,WDF01,AR90030,SUP004,2026-07-03,2.775,11.146,9,45.57,LOW,3,OPEN,0.9819,2.27,EUR,"1.46 units/day expected, 5-day lead time from Welde Braumanufaktur (reliability 93.0%). Cover is 45.6h against a reorder point of 11.1 units."
RP-000058,STR01,AR00286,SUP007,2026-07-03,0.943,9,7,22.63,LOW,3,OPEN,0.95,2.21,EUR,"1 units/day expected, 9-day lead time from Nordic Trading AB (reliability 90.5%). Cover is 22.6h against a reorder point of 9 units."
RP-000059,BLN01,AR00402,SUP007,2026-07-03,3.062,9,5,52.05,LOW,3,OPEN,0.95,2.21,EUR,"1 units/day expected, 9-day lead time from Nordic Trading AB (reliability 90.5%). Cover is 52.1h against a reorder point of 9 units."
RP-000060,HAM01,AR90038,SUP008,2026-07-03,3.138,9.146,7,42.79,LOW,3,OPEN,1,2.19,EUR,"1.1 units/day expected, 7-day lead time from Vitamin Well Nordics (reliability 92.1%). Cover is 42.8h against a reorder point of 9.1 units."
RP-000061,WDF01,AR00095,SUP008,2026-07-03,5.377,16.998,6,64.52,LOW,3,OPEN,0.9415,2.16,EUR,"2 units/day expected, 7-day lead time from Vitamin Well Nordics (reliability 92.1%). Cover is 64.5h against a reorder point of 17 units."
RP-000062,BLN01,AR00064,SUP008,2026-07-03,3.585,7,3,60.95,LOW,3,OPEN,0.95,2.15,EUR,"1 units/day expected, 7-day lead time from Vitamin Well Nordics (reliability 92.1%). Cover is 60.9h against a reorder point of 7 units."
RP-000063,HAM01,AR00286,SUP007,2026-07-03,2.842,12.439,8,36.95,LOW,3,OPEN,1,2.13,EUR,"1.15 units/day expected, 9-day lead time from Nordic Trading AB (reliability 90.5%). Cover is 36.9h against a reorder point of 12.4 units."
RP-000064,WDF01,AR00286,SUP007,2026-07-03,4.253,12.892,8,85.96,LOW,3,OPEN,1,2.09,EUR,"1.19 units/day expected, 9-day lead time from Nordic Trading AB (reliability 90.5%). Cover is 86h against a reorder point of 12.9 units."
RP-000065,WDF02,AR90016,SUP008,2026-07-03,0.968,7,5,13.55,MEDIUM,2,OPEN,0.95,2.08,EUR,"1 units/day expected, 7-day lead time from Vitamin Well Nordics (reliability 92.1%). Cover is 13.6h against a reorder point of 7 units."
RP-000066,WDF02,AR00213,SUP008,2026-07-03,1.443,7,5,20.2,LOW,3,OPEN,0.95,2.04,EUR,"1 units/day expected, 7-day lead time from Vitamin Well Nordics (reliability 92.1%). Cover is 20.2h against a reorder point of 7 units."
RP-000067,MUC01,AR00056,SUP010,2026-07-03,0.721,3,3,17.3,LOW,3,OPEN,0.95,2.02,EUR,"1 units/day expected, 3-day lead time from Unilever Ice Cream DE (reliability 96.8%). Cover is 17.3h against a reorder point of 3 units."
RP-000068,WDF02,AR90038,SUP008,2026-07-03,1.63,7,5,22.82,LOW,3,OPEN,0.95,1.99,EUR,"1 units/day expected, 7-day lead time from Vitamin Well Nordics (reliability 92.1%). Cover is 22.8h against a reorder point of 7 units."
RP-000069,STR01,AR00024,SUP002,2026-07-03,2.357,5.615,4,50.91,LOW,3,OPEN,0.9991,1.95,EUR,"1.11 units/day expected, 4-day lead time from Koro Handels GmbH (reliability 94.0%). Cover is 50.9h against a reorder point of 5.6 units."
RP-000070,BLN01,AR90051,SUP007,2026-07-03,4.036,9,4,68.61,LOW,3,OPEN,0.95,1.92,EUR,"1 units/day expected, 9-day lead time from Nordic Trading AB (reliability 90.5%). Cover is 68.6h against a reorder point of 9 units."
RP-000071,BLN01,AR00111,SUP002,2026-07-03,1.602,5.886,4,23.68,LOW,3,OPEN,0.9968,1.91,EUR,"1.15 units/day expected, 4-day lead time from Koro Handels GmbH (reliability 94.0%). Cover is 23.7h against a reorder point of 5.9 units."
RP-000072,WDF02,AR90018,SUP007,2026-07-03,5.065,11.687,5,64.05,LOW,3,OPEN,0.9989,1.8,EUR,"1.11 units/day expected, 9-day lead time from Nordic Trading AB (reliability 90.5%). Cover is 64h against a reorder point of 11.7 units."
RP-000073,WDF02,AR00054,SUP007,2026-07-03,3.116,9,5,43.62,LOW,3,OPEN,0.95,1.77,EUR,"1 units/day expected, 9-day lead time from Nordic Trading AB (reliability 90.5%). Cover is 43.6h against a reorder point of 9 units."
RP-000074,WDF01,AR00320,SUP002,2026-07-03,0.756,5.699,5,16.13,MEDIUM,2,OPEN,1,1.76,EUR,"1.13 units/day expected, 4-day lead time from Koro Handels GmbH (reliability 94.0%). Cover is 16.1h against a reorder point of 5.7 units."
RP-000075,BLN01,AR00294,SUP008,2026-07-03,4.3,9.352,5,65.54,LOW,3,OPEN,0.9982,1.76,EUR,"1.12 units/day expected, 7-day lead time from Vitamin Well Nordics (reliability 92.1%). Cover is 65.5h against a reorder point of 9.4 units."
RP-000076,MUC01,AR00054,SUP007,2026-07-03,2.409,11.769,7,52.03,LOW,3,OPEN,1,1.75,EUR,"1.11 units/day expected, 9-day lead time from Nordic Trading AB (reliability 90.5%). Cover is 52h against a reorder point of 11.8 units."
RP-000077,BLN01,AR90038,SUP008,2026-07-03,4.346,10.125,6,64.65,LOW,3,OPEN,0.999,1.75,EUR,"1.14 units/day expected, 7-day lead time from Vitamin Well Nordics (reliability 92.1%). Cover is 64.6h against a reorder point of 10.1 units."
RP-000078,STR01,AR90038,SUP008,2026-07-03,4.747,10.52,6,94.94,LOW,3,OPEN,0.999,1.75,EUR,"1.2 units/day expected, 7-day lead time from Vitamin Well Nordics (reliability 92.1%). Cover is 94.9h against a reorder point of 10.5 units."
RP-000079,MUC01,AR00320,SUP002,2026-07-03,0.224,4,4,5.38,HIGH,1,OPEN,0.95,1.69,EUR,"1 units/day expected, 4-day lead time from Koro Handels GmbH (reliability 94.0%). Cover is 5.4h against a reorder point of 4 units."
RP-000080,WDF01,AR00275,SUP002,2026-07-03,2.081,5.224,4,46.61,LOW,3,OPEN,1,1.69,EUR,"1.07 units/day expected, 4-day lead time from Koro Handels GmbH (reliability 94.0%). Cover is 46.6h against a reorder point of 5.2 units."
RP-000081,MUC01,AR00026,SUP008,2026-07-03,4.187,9.358,6,90.44,LOW,3,OPEN,1,1.65,EUR,"1.11 units/day expected, 7-day lead time from Vitamin Well Nordics (reliability 92.1%). Cover is 90.4h against a reorder point of 9.4 units."
RP-000082,MUC01,AR00058,SUP002,2026-07-03,1.231,4,2,29.54,LOW,3,OPEN,0.95,1.57,EUR,"1 units/day expected, 4-day lead time from Koro Handels GmbH (reliability 94.0%). Cover is 29.5h against a reorder point of 4 units."
RP-000083,HAM01,AR00054,SUP007,2026-07-03,3.578,12.634,7,45.82,LOW,3,OPEN,0.9997,1.51,EUR,"1.17 units/day expected, 9-day lead time from Nordic Trading AB (reliability 90.5%). Cover is 45.8h against a reorder point of 12.6 units."
RP-000084,BLN01,AR00106,SUP004,2026-07-03,4.557,6.755,3,70.43,LOW,3,OPEN,0.9088,1.46,EUR,"1.1 units/day expected, 5-day lead time from Welde Braumanufaktur (reliability 93.0%). Cover is 70.4h against a reorder point of 6.8 units."
RP-000085,STR01,AR00319,SUP008,2026-07-03,2.924,9.792,5,61.4,LOW,3,OPEN,0.999,1.45,EUR,"1.14 units/day expected, 7-day lead time from Vitamin Well Nordics (reliability 92.1%). Cover is 61.4h against a reorder point of 9.8 units."
RP-000086,WDF01,AR00058,SUP002,2026-07-03,3.645,6.917,4,66.9,LOW,3,OPEN,0.9506,1.41,EUR,"1.31 units/day expected, 4-day lead time from Koro Handels GmbH (reliability 94.0%). Cover is 66.9h against a reorder point of 6.9 units."
RP-000087,HAM01,AR90019,SUP003,2026-07-03,1.683,5.516,4,19.42,LOW,3,OPEN,0.9907,1.37,EUR,"1.3 units/day expected, 3-day lead time from Hochwald Foods (reliability 96.2%). Cover is 19.4h against a reorder point of 5.5 units."
RP-000088,STR01,AR00405,SUP008,2026-07-03,1.605,7,4,38.52,LOW,3,OPEN,0.95,1.37,EUR,"1 units/day expected, 7-day lead time from Vitamin Well Nordics (reliability 92.1%). Cover is 38.5h against a reorder point of 7 units."
RP-000089,MUC01,AR00286,SUP007,2026-07-03,2.35,9,4,56.4,LOW,3,OPEN,0.95,1.33,EUR,"1 units/day expected, 9-day lead time from Nordic Trading AB (reliability 90.5%). Cover is 56.4h against a reorder point of 9 units."
RP-000090,HAM01,AR90040,SUP003,2026-07-03,0.809,4.008,4,11.33,MEDIUM,2,OPEN,1,1.31,EUR,"1.07 units/day expected, 3-day lead time from Hochwald Foods (reliability 96.2%). Cover is 11.3h against a reorder point of 4 units."
RP-000091,MUC01,AR00397,SUP003,2026-07-03,0.704,3,2,16.9,LOW,3,OPEN,0.95,1.3,EUR,"1 units/day expected, 3-day lead time from Hochwald Foods (reliability 96.2%). Cover is 16.9h against a reorder point of 3 units."
RP-000092,HAM01,AR00283,SUP008,2026-07-03,2.701,7,2,40.52,LOW,3,OPEN,0.95,1.29,EUR,"1 units/day expected, 7-day lead time from Vitamin Well Nordics (reliability 92.1%). Cover is 40.5h against a reorder point of 7 units."
RP-000093,HAM01,AR00319,SUP008,2026-07-03,3.881,8.946,5,53.62,LOW,3,OPEN,0.9999,1.28,EUR,"1.09 units/day expected, 7-day lead time from Vitamin Well Nordics (reliability 92.1%). Cover is 53.6h against a reorder point of 8.9 units."
RP-000094,WDF02,AR00026,SUP008,2026-07-03,4.116,7,3,57.62,LOW,3,OPEN,0.95,1.26,EUR,"1 units/day expected, 7-day lead time from Vitamin Well Nordics (reliability 92.1%). Cover is 57.6h against a reorder point of 7 units."
RP-000095,WDF01,AR00101,SUP003,2026-07-03,1.238,3,2,29.71,LOW,3,OPEN,0.95,1.22,EUR,"1 units/day expected, 3-day lead time from Hochwald Foods (reliability 96.2%). Cover is 29.7h against a reorder point of 3 units."
RP-000096,WDF01,AR00213,SUP008,2026-07-03,4.116,9.664,5,89.52,LOW,3,OPEN,0.992,1.22,EUR,"1.1 units/day expected, 7-day lead time from Vitamin Well Nordics (reliability 92.1%). Cover is 89.5h against a reorder point of 9.7 units."
RP-000097,MUC01,AR90016,SUP008,2026-07-03,2.641,7,3,63.38,LOW,3,OPEN,0.95,1.21,EUR,"1 units/day expected, 7-day lead time from Vitamin Well Nordics (reliability 92.1%). Cover is 63.4h against a reorder point of 7 units."
RP-000098,MUC01,AR90038,SUP008,2026-07-03,4.35,7,3,104.4,LOW,3,OPEN,0.95,1.21,EUR,"1 units/day expected, 7-day lead time from Vitamin Well Nordics (reliability 92.1%). Cover is 104.4h against a reorder point of 7 units."
RP-000099,MUC01,AR00294,SUP008,2026-07-03,3.823,8.691,3,86.02,LOW,3,OPEN,0.9919,1.15,EUR,"1.07 units/day expected, 7-day lead time from Vitamin Well Nordics (reliability 92.1%). Cover is 86h against a reorder point of 8.7 units."
RP-000100,WDF01,AR00292,SUP008,2026-07-03,3.548,11.398,5,70.96,LOW,3,OPEN,0.8658,1.13,EUR,"1.2 units/day expected, 7-day lead time from Vitamin Well Nordics (reliability 92.1%). Cover is 71h against a reorder point of 11.4 units."
RP-000101,WDF01,AR00285,SUP003,2026-07-03,2.029,7.139,5,33.48,LOW,3,OPEN,0.7953,1.11,EUR,"1.45 units/day expected, 3-day lead time from Hochwald Foods (reliability 96.2%). Cover is 33.5h against a reorder point of 7.1 units."
RP-000102,WDF01,AR00289,SUP004,2026-07-03,2.109,9.467,5,36.74,LOW,3,OPEN,0.8897,1.11,EUR,"1.38 units/day expected, 5-day lead time from Welde Braumanufaktur (reliability 93.0%). Cover is 36.7h against a reorder point of 9.5 units."
RP-000103,MUC01,AR00211,SUP002,2026-07-03,2.016,5.422,4,44.35,LOW,3,OPEN,1,1.1,EUR,"1.09 units/day expected, 4-day lead time from Koro Handels GmbH (reliability 94.0%). Cover is 44.4h against a reorder point of 5.4 units."
RP-000104,MUC01,AR00402,SUP007,2026-07-03,4.652,9,3,111.65,LOW,3,OPEN,0.95,1.05,EUR,"1 units/day expected, 9-day lead time from Nordic Trading AB (reliability 90.5%). Cover is 111.6h against a reorder point of 9 units."
RP-000105,HAM01,AR90037,SUP010,2026-07-03,1.237,4.367,4,16.49,LOW,3,OPEN,0.9999,1.02,EUR,"1.13 units/day expected, 3-day lead time from Unilever Ice Cream DE (reliability 96.8%). Cover is 16.5h against a reorder point of 4.4 units."
RP-000106,HAM01,AR00275,SUP002,2026-07-03,1.897,5.087,3,26.87,LOW,3,OPEN,0.9971,1.02,EUR,"1.06 units/day expected, 4-day lead time from Koro Handels GmbH (reliability 94.0%). Cover is 26.9h against a reorder point of 5.1 units."
RP-000107,HAM01,AR00024,SUP002,2026-07-03,3.279,5.72,3,44.54,LOW,3,OPEN,0.9372,1,EUR,"1.1 units/day expected, 4-day lead time from Koro Handels GmbH (reliability 94.0%). Cover is 44.5h against a reorder point of 5.7 units."
RP-000108,WDF01,AR90053,SUP002,2026-07-03,2.229,9.781,6,34.39,LOW,3,OPEN,0.8372,0.95,EUR,"1.56 units/day expected, 4-day lead time from Koro Handels GmbH (reliability 94.0%). Cover is 34.4h against a reorder point of 9.8 units."
RP-000109,HAM01,AR00213,SUP008,2026-07-03,3.211,10.513,5,40.5,LOW,3,OPEN,0.9582,0.95,EUR,"1.19 units/day expected, 7-day lead time from Vitamin Well Nordics (reliability 92.1%). Cover is 40.5h against a reorder point of 10.5 units."
RP-000110,HAM01,AR00293,SUP003,2026-07-03,1.588,3,2,23.82,LOW,3,OPEN,0.95,0.94,EUR,"1 units/day expected, 3-day lead time from Hochwald Foods (reliability 96.2%). Cover is 23.8h against a reorder point of 3 units."
RP-000111,MUC01,AR90030,SUP004,2026-07-03,2.668,6.651,3,58.7,LOW,3,OPEN,0.996,0.91,EUR,"1.09 units/day expected, 5-day lead time from Welde Braumanufaktur (reliability 93.0%). Cover is 58.7h against a reorder point of 6.7 units."
RP-000112,STR01,AR90012,SUP008,2026-07-03,5.211,9.296,4,112.56,LOW,3,OPEN,0.9678,0.82,EUR,"1.11 units/day expected, 7-day lead time from Vitamin Well Nordics (reliability 92.1%). Cover is 112.6h against a reorder point of 9.3 units."
RP-000113,STR01,AR00138,SUP005,2026-07-03,0.054,1.757,2,1.13,CRITICAL,1,OPEN,0.9986,0.81,EUR,"1.14 units/day expected, 1-day lead time from Aramark Fresh Kitchen (reliability 97.5%). Cover is 1.1h against a reorder point of 1.8 units."
RP-000114,MUC01,AR00011,SUP004,2026-07-03,2.242,7.935,4,43.35,LOW,3,OPEN,0.9782,0.81,EUR,"1.24 units/day expected, 5-day lead time from Welde Braumanufaktur (reliability 93.0%). Cover is 43.3h against a reorder point of 7.9 units."
RP-000115,WDF01,AR90016,SUP008,2026-07-03,4.933,8.622,3,111.43,LOW,3,OPEN,0.9885,0.81,EUR,"1.06 units/day expected, 7-day lead time from Vitamin Well Nordics (reliability 92.1%). Cover is 111.4h against a reorder point of 8.6 units."
RP-000116,WDF02,AR00011,SUP004,2026-07-03,3.054,5,2,42.76,LOW,3,OPEN,0.95,0.78,EUR,"1 units/day expected, 5-day lead time from Welde Braumanufaktur (reliability 93.0%). Cover is 42.8h against a reorder point of 5 units."
RP-000117,HAM01,AR00211,SUP002,2026-07-03,2.958,5.846,3,38.82,LOW,3,OPEN,0.9868,0.75,EUR,"1.14 units/day expected, 4-day lead time from Koro Handels GmbH (reliability 94.0%). Cover is 38.8h against a reorder point of 5.8 units."
RP-000118,WDF01,AR00004,SUP002,2026-07-03,1.64,7.652,7,29,LOW,3,OPEN,0.9986,0.74,EUR,"1.36 units/day expected, 4-day lead time from Koro Handels GmbH (reliability 94.0%). Cover is 29h against a reorder point of 7.7 units."
RP-000119,HAM01,AR00320,SUP002,2026-07-03,2.832,5.347,3,39.21,LOW,3,OPEN,0.9953,0.7,EUR,"1.08 units/day expected, 4-day lead time from Koro Handels GmbH (reliability 94.0%). Cover is 39.2h against a reorder point of 5.3 units."
RP-000120,MUC01,AR90006,SUP004,2026-07-03,2.525,5,2,60.6,LOW,3,OPEN,0.95,0.7,EUR,"1 units/day expected, 5-day lead time from Welde Braumanufaktur (reliability 93.0%). Cover is 60.6h against a reorder point of 5 units."
RP-000121,BLN01,AR00401,SUP003,2026-07-03,1.845,4.008,3,29.27,LOW,3,OPEN,0.9985,0.64,EUR,"1.07 units/day expected, 3-day lead time from Hochwald Foods (reliability 96.2%). Cover is 29.3h against a reorder point of 4 units."
RP-000122,HAM01,AR00402,SUP007,2026-07-03,4.561,9,2,68.42,LOW,3,OPEN,0.95,0.64,EUR,"1 units/day expected, 9-day lead time from Nordic Trading AB (reliability 90.5%). Cover is 68.4h against a reorder point of 9 units."
RP-000123,WDF01,AR00026,SUP008,2026-07-03,4.137,11.358,5,79.43,LOW,3,OPEN,0.8661,0.64,EUR,"1.25 units/day expected, 7-day lead time from Vitamin Well Nordics (reliability 92.1%). Cover is 79.4h against a reorder point of 11.4 units."
RP-000124,BLN01,AR90016,SUP008,2026-07-03,6.51,9.311,3,99.6,LOW,3,OPEN,0.9308,0.64,EUR,"1.11 units/day expected, 7-day lead time from Vitamin Well Nordics (reliability 92.1%). Cover is 99.6h against a reorder point of 9.3 units."
RP-000125,MUC01,AR00403,SUP008,2026-07-03,5.447,7,2,130.73,LOW,3,OPEN,0.95,0.63,EUR,"1 units/day expected, 7-day lead time from Vitamin Well Nordics (reliability 92.1%). Cover is 130.7h against a reorder point of 7 units."
RP-000126,WDF01,AR90055,SUP002,2026-07-03,2.63,6.598,3,51.79,LOW,3,OPEN,0.8976,0.61,EUR,"1.22 units/day expected, 4-day lead time from Koro Handels GmbH (reliability 94.0%). Cover is 51.8h against a reorder point of 6.6 units."
RP-000127,WDF02,AR00402,SUP007,2026-07-03,6.645,9,2,93.03,LOW,3,OPEN,0.95,0.61,EUR,"1 units/day expected, 9-day lead time from Nordic Trading AB (reliability 90.5%). Cover is 93h against a reorder point of 9 units."
RP-000128,HAM01,AR90016,SUP008,2026-07-03,4.871,7,2,73.07,LOW,3,OPEN,0.95,0.58,EUR,"1 units/day expected, 7-day lead time from Vitamin Well Nordics (reliability 92.1%). Cover is 73.1h against a reorder point of 7 units."
RP-000129,HAM01,AR90053,SUP002,2026-07-03,1.971,4,2,29.57,LOW,3,OPEN,0.95,0.56,EUR,"1 units/day expected, 4-day lead time from Koro Handels GmbH (reliability 94.0%). Cover is 29.6h against a reorder point of 4 units."
RP-000130,STR01,AR90055,SUP002,2026-07-03,2.767,6.915,4,53.76,LOW,3,OPEN,0.8518,0.54,EUR,"1.24 units/day expected, 4-day lead time from Koro Handels GmbH (reliability 94.0%). Cover is 53.8h against a reorder point of 6.9 units."
RP-000131,STR01,AR00292,SUP008,2026-07-03,3.207,7,1,76.97,LOW,3,OPEN,0.95,0.53,EUR,"1 units/day expected, 7-day lead time from Vitamin Well Nordics (reliability 92.1%). Cover is 77h against a reorder point of 7 units."
RP-000132,HAM01,AR00154,SUP003,2026-07-03,1,4.656,2,12.86,MEDIUM,2,OPEN,0.7708,0.52,EUR,"1.17 units/day expected, 3-day lead time from Hochwald Foods (reliability 96.2%). Cover is 12.9h against a reorder point of 4.7 units."
RP-000133,STR01,AR00026,SUP008,2026-07-03,2.8,7,2,67.2,LOW,3,OPEN,0.95,0.52,EUR,"1 units/day expected, 7-day lead time from Vitamin Well Nordics (reliability 92.1%). Cover is 67.2h against a reorder point of 7 units."
RP-000134,HAM01,AR00064,SUP008,2026-07-03,4.445,7,1,66.68,LOW,3,OPEN,0.95,0.49,EUR,"1 units/day expected, 7-day lead time from Vitamin Well Nordics (reliability 92.1%). Cover is 66.7h against a reorder point of 7 units."
RP-000135,HAM01,AR00405,SUP008,2026-07-03,4.552,9.199,3,62.07,LOW,3,OPEN,0.915,0.45,EUR,"1.1 units/day expected, 7-day lead time from Vitamin Well Nordics (reliability 92.1%). Cover is 62.1h against a reorder point of 9.2 units."
RP-000136,WDF01,AR90041,SUP003,2026-07-03,1.818,6.103,4,33.94,LOW,3,OPEN,0.7863,0.44,EUR,"1.29 units/day expected, 3-day lead time from Hochwald Foods (reliability 96.2%). Cover is 33.9h against a reorder point of 6.1 units."
RP-000137,MUC01,AR00090,SUP010,2026-07-03,2.611,4.705,3,53.71,LOW,3,OPEN,0.8957,0.4,EUR,"1.17 units/day expected, 3-day lead time from Unilever Ice Cream DE (reliability 96.8%). Cover is 53.7h against a reorder point of 4.7 units."
RP-000138,WDF02,AR00405,SUP008,2026-07-03,5.809,9.551,3,72.29,LOW,3,OPEN,0.8728,0.39,EUR,"1.13 units/day expected, 7-day lead time from Vitamin Well Nordics (reliability 92.1%). Cover is 72.3h against a reorder point of 9.6 units."
RP-000139,WDF01,AR90038,SUP008,2026-07-03,4.315,10.676,4,86.86,LOW,3,OPEN,0.7861,0.39,EUR,"1.19 units/day expected, 7-day lead time from Vitamin Well Nordics (reliability 92.1%). Cover is 86.9h against a reorder point of 10.7 units."
RP-000140,MUC01,AR00213,SUP008,2026-07-03,5.673,8.952,3,125.68,LOW,3,OPEN,0.8834,0.38,EUR,"1.08 units/day expected, 7-day lead time from Vitamin Well Nordics (reliability 92.1%). Cover is 125.7h against a reorder point of 9 units."
RP-000141,MUC01,AR90029,SUP002,2026-07-03,3.227,4,1,77.45,LOW,3,OPEN,0.95,0.37,EUR,"1 units/day expected, 4-day lead time from Koro Handels GmbH (reliability 94.0%). Cover is 77.4h against a reorder point of 4 units."
RP-000142,HAM01,AR00276,SUP007,2026-07-03,6.346,12.241,3,85.98,LOW,3,OPEN,0.6897,0.33,EUR,"1.11 units/day expected, 9-day lead time from Nordic Trading AB (reliability 90.5%). Cover is 86h against a reorder point of 12.2 units."
RP-000143,HAM01,AR00416,SUP003,2026-07-03,1.485,3,1,22.28,LOW,3,OPEN,0.95,0.31,EUR,"1 units/day expected, 3-day lead time from Hochwald Foods (reliability 96.2%). Cover is 22.3h against a reorder point of 3 units."
RP-000144,WDF02,AR90037,SUP010,2026-07-03,2.351,3,1,32.91,LOW,3,OPEN,0.95,0.3,EUR,"1 units/day expected, 3-day lead time from Unilever Ice Cream DE (reliability 96.8%). Cover is 32.9h against a reorder point of 3 units."
RP-000145,HAM01,AR00058,SUP002,2026-07-03,3.132,5.83,2,41.11,LOW,3,OPEN,0.73,0.3,EUR,"1.14 units/day expected, 4-day lead time from Koro Handels GmbH (reliability 94.0%). Cover is 41.1h against a reorder point of 5.8 units."
RP-000146,WDF01,AR00111,SUP002,2026-07-03,3.937,5.347,2,87.22,LOW,3,OPEN,0.7538,0.29,EUR,"1.08 units/day expected, 4-day lead time from Koro Handels GmbH (reliability 94.0%). Cover is 87.2h against a reorder point of 5.3 units."
RP-000147,BLN01,AR90030,SUP004,2026-07-03,2.424,5,1,41.21,LOW,3,OPEN,0.95,0.28,EUR,"1 units/day expected, 5-day lead time from Welde Braumanufaktur (reliability 93.0%). Cover is 41.2h against a reorder point of 5 units."
RP-000148,MUC01,AR00319,SUP008,2026-07-03,3.699,8.506,2,84.1,LOW,3,OPEN,0.8657,0.28,EUR,"1.06 units/day expected, 7-day lead time from Vitamin Well Nordics (reliability 92.1%). Cover is 84.1h against a reorder point of 8.5 units."
RP-000149,WDF01,AR00220,SUP010,2026-07-03,3.391,7.205,4,55.95,LOW,3,OPEN,0.7202,0.27,EUR,"1.45 units/day expected, 3-day lead time from Unilever Ice Cream DE (reliability 96.8%). Cover is 56h against a reorder point of 7.2 units."
RP-000150,HAM01,AR00026,SUP008,2026-07-03,6.185,10.056,3,81.53,LOW,3,OPEN,0.7482,0.27,EUR,"1.14 units/day expected, 7-day lead time from Vitamin Well Nordics (reliability 92.1%). Cover is 81.5h against a reorder point of 10.1 units."
RP-000151,WDF01,AR00403,SUP008,2026-07-03,6.179,9.551,3,131.82,LOW,3,OPEN,0.7716,0.23,EUR,"1.13 units/day expected, 7-day lead time from Vitamin Well Nordics (reliability 92.1%). Cover is 131.8h against a reorder point of 9.6 units."
RP-000152,HAM01,AR00060,SUP002,2026-07-03,3.881,4.957,2,55.57,LOW,3,OPEN,0.7609,0.22,EUR,"1.05 units/day expected, 4-day lead time from Koro Handels GmbH (reliability 94.0%). Cover is 55.6h against a reorder point of 5 units."
RP-000153,WDF01,AR00002,SUP003,2026-07-03,1.979,5.463,3,35.62,LOW,3,OPEN,0.8844,0.18,EUR,"1.33 units/day expected, 3-day lead time from Hochwald Foods (reliability 96.2%). Cover is 35.6h against a reorder point of 5.5 units."
RP-000154,STR01,AR90014,SUP004,2026-07-03,3.186,6.965,2,67.97,LOW,3,OPEN,0.7194,0.17,EUR,"1.13 units/day expected, 5-day lead time from Welde Braumanufaktur (reliability 93.0%). Cover is 68h against a reorder point of 7 units."
RP-000155,WDF01,AR90002,SUP007,2026-07-03,0.859,20.233,17,25.43,LOW,3,OPEN,0.6859,0.16,EUR,"0.81 units/day expected, 9-day lead time from Nordic Trading AB (reliability 90.5%). Cover is 25.4h against a reorder point of 20.2 units."
RP-000156,HAM01,AR90030,SUP004,2026-07-03,4.959,6.256,2,70.25,LOW,3,OPEN,0.7317,0.12,EUR,"1.06 units/day expected, 5-day lead time from Welde Braumanufaktur (reliability 93.0%). Cover is 70.3h against a reorder point of 6.3 units."
RP-000157,BLN01,AR00394,SUP003,2026-07-03,1.379,6.88,3,15.49,MEDIUM,2,OPEN,0.5475,0.11,EUR,"1.51 units/day expected, 3-day lead time from Hochwald Foods (reliability 96.2%). Cover is 15.5h against a reorder point of 6.9 units."
RP-000158,MUC01,AR90002,SUP007,2026-07-03,0.472,5.308,5,51.73,LOW,3,OPEN,0.7936,0.08,EUR,"0.22 units/day expected, 9-day lead time from Nordic Trading AB (reliability 90.5%). Cover is 51.7h against a reorder point of 5.3 units."
RP-000159,BLN01,AR00004,SUP002,2026-07-03,1.137,5.947,2,16.69,LOW,3,OPEN,0.7454,0.07,EUR,"1.16 units/day expected, 4-day lead time from Koro Handels GmbH (reliability 94.0%). Cover is 16.7h against a reorder point of 5.9 units."
RP-000160,BLN01,AR00403,SUP008,2026-07-03,5.329,8.952,2,83.62,LOW,3,OPEN,0.6304,0.07,EUR,"1.08 units/day expected, 7-day lead time from Vitamin Well Nordics (reliability 92.1%). Cover is 83.6h against a reorder point of 9 units."
RP-000161,BLN01,AR90055,SUP002,2026-07-03,3.315,5.538,2,50.86,LOW,3,OPEN,0.574,0.04,EUR,"1.11 units/day expected, 4-day lead time from Koro Handels GmbH (reliability 94.0%). Cover is 50.9h against a reorder point of 5.5 units."
RP-000162,BLN01,AR00320,SUP002,2026-07-03,2.517,5.907,2,37.08,LOW,3,OPEN,0.5532,0.03,EUR,"1.15 units/day expected, 4-day lead time from Koro Handels GmbH (reliability 94.0%). Cover is 37.1h against a reorder point of 5.9 units."
RP-000163,WDF01,AR90029,SUP002,2026-07-03,2.413,5.769,2,51.1,LOW,3,OPEN,0.5679,0.03,EUR,"1.13 units/day expected, 4-day lead time from Koro Handels GmbH (reliability 94.0%). Cover is 51.1h against a reorder point of 5.8 units."
RP-000164,HAM01,AR00401,SUP003,2026-07-03,3.218,4.239,2,43.88,LOW,3,OPEN,0.5595,0.02,EUR,"1.1 units/day expected, 3-day lead time from Hochwald Foods (reliability 96.2%). Cover is 43.9h against a reorder point of 4.2 units."
RP-000165,BLN01,AR90002,SUP007,2026-07-03,2.888,9.553,7,129.88,LOW,3,OPEN,0.5605,0.02,EUR,"0.38 units/day expected, 9-day lead time from Nordic Trading AB (reliability 90.5%). Cover is 129.9h against a reorder point of 9.6 units."
RP-000166,WDF01,AR00209,SUP010,2026-07-03,2.553,7.598,4,39.53,LOW,3,OPEN,0.5224,0.01,EUR,"1.55 units/day expected, 3-day lead time from Unilever Ice Cream DE (reliability 96.8%). Cover is 39.5h against a reorder point of 7.6 units."
RP-000167,BLN01,AR00026,SUP008,2026-07-03,4.232,8.259,2,69.07,LOW,3,OPEN,0.544,0.01,EUR,"1.04 units/day expected, 7-day lead time from Vitamin Well Nordics (reliability 92.1%). Cover is 69.1h against a reorder point of 8.3 units."
RP-000168,STR01,AR00065,SUP003,2026-07-03,0.755,4.83,2,15.1,MEDIUM,2,OPEN,0.4144,0,EUR,"1.2 units/day expected, 3-day lead time from Hochwald Foods (reliability 96.2%). Cover is 15.1h against a reorder point of 4.8 units."
RP-000169,WDF01,AR00187,SUP009,2026-07-03,0.912,2.489,1,15.63,MEDIUM,2,OPEN,0.2091,0,EUR,"1.4 units/day expected, 1-day lead time from Regional Bakery Kraichgau (reliability 95.8%). Cover is 15.6h against a reorder point of 2.5 units."
RP-000170,WDF01,AR00001,SUP001,2026-07-03,1.24,5.696,2,20.76,LOW,3,OPEN,0.2081,0,EUR,"1.43 units/day expected, 2-day lead time from Red Bull Deutschland (reliability 98.5%). Cover is 20.8h against a reorder point of 5.7 units."
RP-000171,WDF01,AR90015,SUP009,2026-07-03,0.618,2.784,3,28.27,LOW,3,OPEN,0.4716,0,EUR,"0.52 units/day expected, 1-day lead time from Regional Bakery Kraichgau (reliability 95.8%). Cover is 28.3h against a reorder point of 2.8 units."
RP-000172,WDF02,AR00065,SUP003,2026-07-03,3.655,4.713,2,43.86,LOW,3,OPEN,0.4132,0,EUR,"1.17 units/day expected, 3-day lead time from Hochwald Foods (reliability 96.2%). Cover is 43.9h against a reorder point of 4.7 units."
RP-000173,WDF01,AR00056,SUP010,2026-07-03,2.327,5.461,2,45.38,LOW,3,OPEN,0.2704,0,EUR,"1.23 units/day expected, 3-day lead time from Unilever Ice Cream DE (reliability 96.8%). Cover is 45.4h against a reorder point of 5.5 units."
RP-000174,WDF01,AR00060,SUP002,2026-07-03,2.639,6.352,1,52.16,LOW,3,OPEN,0.1793,0,EUR,"1.21 units/day expected, 4-day lead time from Koro Handels GmbH (reliability 94.0%). Cover is 52.2h against a reorder point of 6.4 units."
RP-000175,MUC01,AR00024,SUP002,2026-07-03,2.811,5.686,1,59.97,LOW,3,OPEN,0.3227,0,EUR,"1.13 units/day expected, 4-day lead time from Koro Handels GmbH (reliability 94.0%). Cover is 60h against a reorder point of 5.7 units."
RP-000176,WDF01,AR00065,SUP003,2026-07-03,1.74,6.639,3,75.38,LOW,3,OPEN,0.237,0,EUR,"0.55 units/day expected, 3-day lead time from Hochwald Foods (reliability 96.2%). Cover is 75.4h against a reorder point of 6.6 units."
RP-000177,MUC01,AR00111,SUP002,2026-07-03,3.523,5.615,2,76.1,LOW,3,OPEN,0.4531,0,EUR,"1.11 units/day expected, 4-day lead time from Koro Handels GmbH (reliability 94.0%). Cover is 76.1h against a reorder point of 5.6 units."
RP-000178,HAM01,AR00004,SUP002,2026-07-03,6.644,7.461,1,79.04,LOW,3,OPEN,0.1226,0,EUR,"1.26 units/day expected, 4-day lead time from Koro Handels GmbH (reliability 94.0%). Cover is 79h against a reorder point of 7.5 units."
RP-000179,WDF01,AR00136,SUP006,2026-07-03,2.199,4.378,3,82.85,LOW,3,OPEN,0.3097,0,EUR,"0.64 units/day expected, 2-day lead time from Coca-Cola European Partners (reliability 99.0%). Cover is 82.9h against a reorder point of 4.4 units."
RP-000180,MUC01,AR00060,SUP002,2026-07-03,3.804,5.347,1,84.27,LOW,3,OPEN,0.2075,0,EUR,"1.08 units/day expected, 4-day lead time from Koro Handels GmbH (reliability 94.0%). Cover is 84.3h against a reorder point of 5.3 units."
RP-000181,BLN01,AR00454,SUP008,2026-07-03,5.919,8.974,2,92.57,LOW,3,OPEN,0.342,0,EUR,"1.09 units/day expected, 7-day lead time from Vitamin Well Nordics (reliability 92.1%). Cover is 92.6h against a reorder point of 9 units."
RP-000182,STR01,AR90013,SUP004,2026-07-03,6.704,11.008,3,103.91,LOW,3,OPEN,0.3006,0,EUR,"1.55 units/day expected, 5-day lead time from Welde Braumanufaktur (reliability 93.0%). Cover is 103.9h against a reorder point of 11 units."
RP-000183,WDF01,AR00084,SUP007,2026-07-03,1.033,6.378,5,114.78,LOW,3,OPEN,0.4854,0,EUR,"0.22 units/day expected, 9-day lead time from Nordic Trading AB (reliability 90.5%). Cover is 114.8h against a reorder point of 6.4 units."
RP-000184,MUC01,AR00084,SUP007,2026-07-03,0.991,4.896,1,140.73,LOW,3,OPEN,0.091,0,EUR,"0.17 units/day expected, 9-day lead time from Nordic Trading AB (reliability 90.5%). Cover is 140.7h against a reorder point of 4.9 units."
RP-000185,HAM01,AR00395,SUP008,2026-07-03,2.844,6.466,3,141.1,LOW,3,OPEN,0.2384,0,EUR,"0.3 units/day expected, 7-day lead time from Vitamin Well Nordics (reliability 92.1%). Cover is 141.1h against a reorder point of 6.5 units."
RP-000186,MUC01,AR90018,SUP007,2026-07-03,2.232,6.35,2,169.34,LOW,3,OPEN,0.1073,0,EUR,"0.32 units/day expected, 9-day lead time from Nordic Trading AB (reliability 90.5%). Cover is 169.3h against a reorder point of 6.4 units."
RP-000187,WDF01,AR90012,SUP008,2026-07-03,0.926,5.618,2,170.08,LOW,3,OPEN,0.1257,0,EUR,"0.13 units/day expected, 7-day lead time from Vitamin Well Nordics (reliability 92.1%). Cover is 170.1h against a reorder point of 5.6 units."
RP-000188,BLN01,AR90018,SUP007,2026-07-03,2.596,5.746,3,189.95,LOW,3,OPEN,0.2264,0,EUR,"0.23 units/day expected, 9-day lead time from Nordic Trading AB (reliability 90.5%). Cover is 190h against a reorder point of 5.7 units."
RP-000189,BLN01,AR90013,SUP004,2026-07-03,3.04,6.149,4,218.37,LOW,3,OPEN,0.2535,0,EUR,"0.24 units/day expected, 5-day lead time from Welde Braumanufaktur (reliability 93.0%). Cover is 218.4h against a reorder point of 6.1 units."
RP-000190,HAM01,AR90018,SUP007,2026-07-03,1.456,4.264,3,220.61,LOW,3,OPEN,0.38,0,EUR,"0.1 units/day expected, 9-day lead time from Nordic Trading AB (reliability 90.5%). Cover is 220.6h against a reorder point of 4.3 units."
RP-000191,WDF01,AR90018,SUP007,2026-07-03,2.802,8.056,5,223.42,LOW,3,OPEN,0.3547,0,EUR,"0.3 units/day expected, 9-day lead time from Nordic Trading AB (reliability 90.5%). Cover is 223.4h against a reorder point of 8.1 units."
RP-000192,WDF01,AR90013,SUP004,2026-07-03,4.87,11.437,7,229.33,LOW,3,OPEN,0.3215,0,EUR,"0.51 units/day expected, 5-day lead time from Welde Braumanufaktur (reliability 93.0%). Cover is 229.3h against a reorder point of 11.4 units."
RP-000193,HAM01,AR90002,SUP007,2026-07-03,4.358,8.251,2,229.64,LOW,3,OPEN,0.1119,0,EUR,"0.28 units/day expected, 9-day lead time from Nordic Trading AB (reliability 90.5%). Cover is 229.6h against a reorder point of 8.3 units."
RP-000194,STR01,AR90039,SUP002,2026-07-03,2.206,2.923,1,264.72,LOW,3,OPEN,0.1226,0,EUR,"0.2 units/day expected, 4-day lead time from Koro Handels GmbH (reliability 94.0%). Cover is 264.7h against a reorder point of 2.9 units."
RP-000195,WDF02,AR90002,SUP007,2026-07-03,4.12,4.835,1,271.22,LOW,3,OPEN,0.0843,0,EUR,"0.21 units/day expected, 9-day lead time from Nordic Trading AB (reliability 90.5%). Cover is 271.2h against a reorder point of 4.8 units."
RP-000196,WDF01,AR00081,SUP001,2026-07-03,2.721,7.605,4,612.23,LOW,3,OPEN,0.2133,0,EUR,"0.11 units/day expected, 2-day lead time from Red Bull Deutschland (reliability 98.5%). Cover is 612.2h against a reorder point of 7.6 units."
RP-000197,BLN01,AR90012,SUP008,2026-07-03,1.162,2.729,2,999,LOW,3,OPEN,0.2376,0,EUR,"0.02 units/day expected, 7-day lead time from Vitamin Well Nordics (reliability 92.1%). Cover is 1118.2h against a reorder point of 2.7 units."
RP-000198,HAM01,AR00080,SUP004,2026-07-03,1.5,3.276,1,999,LOW,3,OPEN,0.0892,0,EUR,"0.01 units/day expected, 5-day lead time from Welde Braumanufaktur (reliability 93.0%). Cover is 1824.3h against a reorder point of 3.3 units."
